Name,Pos,Team,Year,Games Plyd,Rush,Rush Yards,Rush TD,Target,Catch,Catch yards,Catch TD,Pass,Complete,Pass Yards,Pass TD,Int,Fum
"Adams, Joe",WR,CAR,2012,9,3,13,,1,1,7,,,,,,,3
"Adams, Kris",WR,IND,2012,3,,,,8,2,26,,,,,,,
"Adams, Kyle",TE,CHI,2012,15,,,,8,4,40,,,,,,,
"Adams, Kyle",TE,CHI,2013,6,,,,,,,,,,,,,
"Addai, Joseph",RB,IND,2011,12,118,433,1,22,15,93,,,,,,,
"Ajirotutu, Seyi",WR,CAR,2011,14,,,,2,1,4,,,,,,,
"Ajirotutu, Seyi",WR,SDC,2012,3,,,,4,3,45,,,,,,,
"Ajirotutu, Seyi",WR,SD,2013,14,,,,4,3,64,1,,,,,,
"Alexander, Danario",WR,STL,2011,10,,,,60,26,431,2,,,,,,
"Alexander, Danario",WR,SDC,2012,10,,,,62,37,658,7,,,,,,
"Allen, Anthony",RB,BAL,2011,5,3,8,,,,,,,,,,,
"Allen, Anthony",RB,BAL,2012,16,16,61,1,4,2,12,,,,,,,
"Allen, Armando",RB,CHI,2011,2,15,48,,1,0,0,,,,,,,
"Allen, Armando",RB,CHI,2012,15,27,124,1,3,2,16,,,,,,,
"Allen, Dwayne",TE,IND,2012,16,3,5,,66,45,521,3,,,,,,
"Allen, Dwayne",TE,IND,2013,1,,,,2,1,20,1,,,,,,
"Allen, Keenan",WR,SD,2013,15,,,,104,71,1046,8,,,,,,2
"Amendola, Danny",WR,STL,2011,1,,,,6,5,45,,,,,,,
"Amendola, Danny",WR,STL,2012,11,2,8,,101,63,666,3,,,,,,2
"Amendola, Danny",WR,NE,2013,12,1,1,,83,54,633,2,,,,,,
"Anderson, C.J.",RB,DEN,2013,4,7,38,,1,0,0,,,,,,,
"Anderson, David",WR,HOU,2011,6,,,,15,7,79,1,,,,,,
"Anderson, Derek",QB,CAR,2011,2,2,-2,,,,,,,,,,,
"Anderson, Derek",QB,CAR,2012,2,,,,,,,,4,4,58,,,
"Anderson, Derek",QB,CAR,2013,4,5,0,,,,,,,,,,,
"Anderson, Joseph",WR,CHI,2013,6,,,,1,0,0,,,,,,,
"Arceneaux, Emmanuel",WR,MIN,2011,3,,,,2,1,10,,,,,,,
"Armstrong, Anthony",WR,WAS,2011,14,2,19,,25,7,103,2,,,,,,
"Armstrong, Anthony",WR,MIA,2012,6,,,,9,3,12,,,,,,,
"Aromashodu, Devin",WR,MIN,2011,16,,,,84,26,468,1,,,,,,
"Aromashodu, Devin",WR,MIN,2012,15,,,,22,11,182,,,,,,,
"Arrington, Adrian",WR,NOS,2011,4,,,,3,2,31,,,,,,,
"Asiata, Matt",RB,MIN,2012,16,3,9,,1,1,2,,,,,,,
"Asiata, Matt",RB,MIN,2013,11,44,166,3,8,5,13,,,,,,,1
"Ausberry, David",TE,OAK,2011,12,1,-2,,2,2,14,,,,,,,
"Ausberry, David",TE,OAK,2012,16,,,,12,7,92,,,,,,,
"Austin, Miles",WR,DAL,2011,10,2,3,,73,43,579,7,,,,,,
"Austin, Miles",WR,DAL,2012,16,,,,119,66,943,6,,,,,,1
"Austin, Miles",WR,DAL,2013,11,,,,49,24,244,,,,,,,
"Austin, Tavon",WR,STL,2013,13,9,151,1,69,40,418,4,,,,,,1
"Avant, Jason",WR,PHI,2011,16,,,,81,52,679,1,,,,,2,
"Avant, Jason",WR,PHI,2012,14,,,,76,53,648,,,,,,,
"Avant, Jason",WR,PHI,2013,16,,,,76,38,447,2,,,,,,1
"Avery, Donnie",WR,TEN,2011,8,,,,11,3,45,1,,,,,,
"Avery, Donnie",WR,IND,2012,16,4,9,,124,60,781,3,,,,,,
"Avery, Donnie",WR,KC,2013,16,2,6,,71,40,596,2,,,,,,1
"Bailey, Stedman",WR,STL,2013,16,2,33,1,25,17,226,,,,,,,
"Bajema, Billy",TE,STL,2011,16,,,,14,9,71,,,,,,,
"Bajema, Billy",TE,BAL,2012,8,,,,1,0,0,,,,,,,
"Bajema, Billy",TE,BAL,2013,6,,,,2,2,18,,,,,,,
"Baker, Edwin",RB,CLE,2013,3,43,171,2,9,8,57,,,,,,,
"Baker, Josh",TE,NYJ,2011,11,,,,4,3,27,1,,,,,,
"Baldwin, Doug",WR,SEA,2011,16,1,-2,,85,51,788,4,,,,,,
"Baldwin, Doug",WR,SEA,2012,14,,,,50,29,366,3,,,,,,
"Baldwin, Doug",WR,SEA,2013,16,2,6,,73,50,778,5,,,,,,
"Baldwin, Jon",WR,SF,2013,7,,,,9,3,28,,,,,,,
"Baldwin, Jonathan",WR,KCC,2011,11,,,,52,21,254,1,,,,,,
"Baldwin, Jonathan",WR,KCC,2012,15,,,,47,20,325,1,,,,,,
"Ball, Lance",RB,DEN,2011,16,96,402,1,32,16,148,1,,,,,2,
"Ball, Lance",RB,DEN,2012,15,42,158,1,11,7,61,1,,,,,,1
"Ball, Montee",RB,DEN,2013,16,120,559,4,27,20,145,,,,,,,3
"Ballard, Jake",TE,NYG,2011,14,,,,61,38,604,4,,,,,,
"Ballard, Jake",TE,ARI,2013,8,,,,9,7,75,2,,,,,,
"Ballard, Vick",RB,IND,2012,16,211,814,2,27,17,152,1,,,,,,
"Ballard, Vick",RB,IND,2013,1,13,63,,2,1,-5,,,,,,,
"Banks, Brandon",WR,WAS,2011,16,1,1,,1,1,10,,,,,,,
"Banks, Brandon",WR,WAS,2012,12,7,36,,8,8,15,,,,,,,
"Barber, Marion",RB,CHI,2011,11,114,422,6,9,5,50,,,,,,1,
"Barden, Ramses",WR,NYG,2011,8,,,,19,9,94,,,,,,,
"Barden, Ramses",WR,NYG,2012,12,,,,21,14,220,,,,,,,
"Barkley, Matt",QB,PHI,2013,3,2,-2,,,,,,49,30,300,,4,1
"Barner, Kenjon",RB,CAR,2013,8,6,7,,3,2,7,,,,,,,
"Barnidge, Gary",TE,CAR,2012,16,,,,6,6,78,1,,,,,,
"Barnidge, Gary",TE,CLE,2013,16,,,,18,13,127,2,,,,,,
"Bartel, Richard",QB,ARI,2011,2,1,9,,,,,,22,10,86,1,,1
"Batch, Baron",RB,PIT,2012,12,25,49,1,5,4,31,,,,,,,
"Batch, Charlie",QB,PIT,2011,3,3,-2,,,,,,24,15,208,,,1
"Batch, Charlie",QB,PIT,2012,2,,,,,,,,70,45,475,1,4,
"Battle, Arnaz",WR,PIT,2011,10,,,,1,0,0,,,,,,1,
"Battle, Jackie",RB,KCC,2011,15,149,597,2,13,9,68,,,,,,,
"Battle, Jackie",RB,SDC,2012,16,95,311,3,15,15,108,1,,,,,,
"Battle, Jackie",RB,TEN,2013,16,36,142,1,5,4,36,,,,,,,
"Beasley, Cole",WR,DAL,2012,10,,,,24,15,128,,,,,,,
"Beasley, Cole",WR,DAL,2013,14,,,,54,39,368,2,,,,,,
"Becht, Anthony",TE,KCC,2011,9,,,,4,3,26,,,,,,,
"Beck, John",QB,WAS,2011,4,10,43,2,,,,,132,80,858,2,1,4
"Beckum, Travis",TE,NYG,2011,13,,,,10,5,93,1,,,,,,
"Beckum, Travis",TE,NYG,2012,4,,,,1,0,0,,,,,,,
"Bell, Joique",RB,DET,2012,16,82,414,3,69,52,485,,,,,,,2
"Bell, Joique",RB,DET,2013,16,166,650,8,69,53,547,,,,,,,3
"Bell, Kahlil",RB,CHI,2011,13,79,337,,23,19,133,1,,,,,1,
"Bell, Kahlil",RB,CHI,2012,7,29,76,,2,2,13,,,,,,,1
"Bell, Kahlil",RB,GB,2013,3,,,,,,,,,,,,,
"Bell, Le'Veon",RB,PIT,2013,13,244,860,8,66,45,399,,,,,,,1
"Bellamy, Josh",WR,WAS,2013,5,,,,,,,,,,,,,
"Benjamin, Travis",WR,CLE,2012,14,6,66,,37,18,298,2,,,,,,1
"Benjamin, Travis",WR,CLE,2013,8,1,45,,13,5,105,,,,,,,1
"Benn, Arrelious",WR,TBB,2011,14,5,-10,,51,30,441,3,,,,,,
"Benn, Arrelious",WR,TBB,2012,8,3,16,,6,4,26,,,,,,,
"Bennett, Earl",WR,CHI,2011,11,,,,43,24,381,1,,,,,1,
"Bennett, Earl",WR,CHI,2012,12,,,,49,29,375,2,,,,,,
"Bennett, Earl",WR,CHI,2013,15,,,,43,32,243,4,,,,,,
"Bennett, Martellus",TE,DAL,2011,14,,,,26,17,144,,,,,,,
"Bennett, Martellus",TE,NYG,2012,16,,,,90,55,626,5,,,,,,
"Bennett, Martellus",TE,CHI,2013,16,,,,94,65,759,5,,,,,,1
"Benson, Cedric",RB,CIN,2011,15,273,1067,6,22,15,82,,,,,,2,
"Benson, Cedric",RB,GBP,2012,5,71,248,1,15,14,97,,,,,,,
"Bernard, Giovani",RB,CIN,2013,16,170,695,5,71,56,514,3,,,,,,1
"Berrian, Bernard",WR,MIN,2011,5,,,,23,7,91,,,,,,,
"Bess, Davone",WR,MIA,2011,16,2,9,,85,51,537,3,,,,,2,
"Bess, Davone",WR,MIA,2012,13,,,,105,61,778,1,,,,,,
"Bess, Davone",WR,CLE,2013,14,,,,86,42,362,2,,,,,,1
"Best, Jahvid",RB,DET,2011,6,84,390,2,40,27,287,1,,,,,,
"Binns, Armon",WR,CIN,2012,11,,,,40,24,277,1,,,,,,1
"Blackmon, Justin",WR,JAC,2012,16,2,23,,132,64,865,5,,,,,,
"Blackmon, Justin",WR,JAC,2013,4,1,-1,,48,29,415,1,,,,,,
"Blount, LeGarrette",RB,TBB,2011,14,184,781,5,25,15,148,,,,,,3,
"Blount, LeGarrette",RB,TBB,2012,13,41,151,2,2,1,2,,,,,,,
"Blount, LeGarrette",RB,NE,2013,16,153,772,7,5,2,38,,,,,,,2
"Bohanon, Tommy",RB,NYJ,2013,16,17,62,,16,11,69,,,,,,,
"Bolden, Brandon",RB,NEP,2012,10,56,274,2,2,2,11,,,,,,,
"Bolden, Brandon",RB,NE,2013,12,55,271,3,29,21,152,,,,,,,
"Boldin, Anquan",WR,BAL,2011,14,,,,106,57,887,3,,,,,,
"Boldin, Anquan",WR,BAL,2012,15,1,3,,112,65,921,4,,,,,,
"Boldin, Anquan",WR,SF,2013,16,2,11,,129,85,1179,7,,,,,,
"Bolen, Brock",RB,JAC,2011,13,2,14,,5,2,6,,,,,,,
"Boller, Kyle",QB,OAK,2011,2,9,38,,,,,,28,15,161,,,3
"Booker, Lorenzo",RB,MIN,2011,15,13,52,,14,8,82,,,,,,2,
"Boss, Kevin",TE,OAK,2011,14,,,,40,28,368,3,,,,,,
"Boss, Kevin",TE,KCC,2012,2,,,,3,3,65,1,,,,,,
"Bostick, Brandon",TE,GB,2013,11,,,,14,7,120,1,,,,,,
"Bowe, Dwayne",WR,KCC,2011,16,1,12,,142,81,1159,5,,,,,,
"Bowe, Dwayne",WR,KCC,2012,13,,,,114,59,801,3,,,,,,1
"Bowe, Dwayne",WR,KC,2013,15,,,,103,57,673,5,,,,,,
"Boyce, Josh",WR,NE,2013,9,,,,19,9,121,,,,,,,
"Boykin, Jarrett",WR,GB,2013,16,,,,83,49,681,3,,,,,,
"Bradford, Allen",RB,TBB,2011,1,5,13,,,,,,,,,,,
"Bradford, Sam",QB,STL,2011,10,18,26,,,,,,357,191,2164,6,7,6
"Bradford, Sam",QB,STL,2012,16,37,127,1,,,,,551,328,3702,21,13,1
"Bradford, Sam",QB,STL,2013,7,15,31,,,,,,262,159,1687,14,4,1
"Bradshaw, Ahmad",RB,NYG,2011,12,171,659,9,44,34,267,2,,,,,1,
"Bradshaw, Ahmad",RB,NYG,2012,14,221,1015,6,31,23,245,,,,,,,3
"Bradshaw, Ahmad",RB,IND,2013,3,41,186,2,6,7,42,,,,,,,
"Brady, Tom",QB,NEP,2011,16,43,109,3,,,,,611,401,5235,39,2,12
"Brady, Tom",QB,NEP,2012,16,23,32,4,,,,,637,401,4827,34,8,
"Brady, Tom",QB,NE,2013,16,32,18,,,,,,628,380,4343,25,11,3
"Branch, Deion",WR,NEP,2011,15,,,,87,51,702,5,,,,,,
"Branch, Deion",WR,NEP,2012,10,,,,29,16,145,,,,,,,
"Brandstater, Tom",QB,STL,2011,1,,,,,,,,2,0,0,,,
"Brazill, LaVon",WR,IND,2012,15,,,,24,11,186,1,,,,,,1
"Brazill, LaVon",WR,IND,2013,10,,,,27,12,161,2,,,,,,
"Breaston, Steve",WR,KCC,2011,16,1,25,,98,61,785,2,,,,,,
"Breaston, Steve",WR,KCC,2012,10,,,,15,7,74,,,,,,,
"Brees, Drew",QB,NOS,2011,16,21,86,1,,,,,657,468,5476,46,1,14
"Brees, Drew",QB,NOS,2012,16,15,5,1,,,,,670,422,5177,43,19,1
"Brees, Drew",QB,NO,2013,16,35,52,3,,,,,650,446,5162,39,12,2
"Brinkley, Curtis",RB,SDC,2011,10,30,101,1,9,7,41,,,,,,,
"Brinkley, Curtis",RB,SDC,2012,10,39,115,,15,12,77,,,,,,,
"Briscoe, Dezmon",WR,TBB,2011,16,,,,51,35,387,6,,,,,,
"Briscoe, Dezmon",WR,WAS,2012,7,1,1,,5,2,22,,,,,,,
"Britt, Kenny",WR,TEN,2011,3,,,,26,17,289,3,,,,,1,
"Britt, Kenny",WR,TEN,2012,14,,,,90,45,589,4,,,,,,1
"Britt, Kenny",WR,TEN,2013,12,,,,35,11,96,,,,,,,
"Brock, Kevin",TE,BUF,2011,2,,,,2,2,27,,,,,,,
"Brock, Kevin",TE,KC,2013,4,,,,6,3,36,,,,,,,
"Brockel, Richie",TE,CAR,2011,11,3,12,1,3,3,13,,,,,,,
"Brockel, Richie",TE,CAR,2012,16,,,,1,0,0,,,,,,,
"Brockel, Richie",TE,CAR,2013,16,1,1,,1,1,12,,,,,,,1
"Brown, Aaron",RB,DET,2011,1,1,0,,1,1,9,,,,,,,
"Brown, Andre",RB,NYG,2012,10,73,385,8,17,12,86,,,,,,,
"Brown, Andre",RB,NYG,2013,8,139,492,3,29,20,103,,,,,,,3
"Brown, Antonio",WR,PIT,2011,16,7,41,,124,69,1108,2,,,,,,
"Brown, Antonio",WR,PIT,2012,13,7,24,,106,66,787,5,,,,,1,2
"Brown, Antonio",WR,PIT,2013,16,7,4,,163,110,1499,8,,,,,,
"Brown, Bryce",RB,PHI,2012,16,115,564,4,19,13,56,,,,,,,3
"Brown, Bryce",RB,PHI,2013,16,75,314,2,13,8,84,,,,,,,
"Brown, Donald",RB,IND,2011,16,134,645,5,19,16,86,,,,,,,
"Brown, Donald",RB,IND,2012,10,108,417,1,13,9,93,,,,,,,
"Brown, Donald",RB,IND,2013,16,102,537,6,35,27,214,2,,,,,,
"Brown, Marlon",WR,BAL,2013,14,1,-2,,82,49,524,7,,,,,,
"Brown, Mike",WR,JAC,2012,2,,,,1,0,0,,,,,,,
"Brown, Mike",WR,JAC,2013,11,,,,56,32,446,2,,,,,,1
"Brown, Ronnie",RB,PHI,2011,16,42,136,1,2,0,0,,,,,,1,
"Brown, Ronnie",RB,SDC,2012,14,46,220,,59,49,371,,,,,,,
"Brown, Ronnie",RB,SD,2013,16,45,157,1,8,8,60,,,,,,,
"Brown, Vincent",WR,SDC,2011,14,,,,40,19,329,2,,,,,,
"Brown, Vincent",WR,SD,2013,16,,,,69,41,472,1,,,,,,
"Broyles, Ryan",WR,DET,2012,10,,,,32,22,310,2,,,,,,
"Broyles, Ryan",WR,DET,2013,6,,,,14,8,85,,,,,,,
"Brunell, Mark",QB,NYJ,2011,16,,,,,,,,3,1,27,,,
"Bryant, Dez",WR,DAL,2011,15,1,5,,103,63,928,9,,,,,1,
"Bryant, Dez",WR,DAL,2012,16,2,-5,,138,92,1382,12,,,,,,2
"Bryant, Dez",WR,DAL,2013,16,1,1,,159,93,1233,13,,,,,,1
"Burkhead, Rex",RB,CIN,2013,1,,,,,,,,,,,,,
"Burleson, Nate",WR,DET,2011,16,11,85,,110,73,757,3,,,,,1,
"Burleson, Nate",WR,DET,2012,6,8,48,,43,27,240,2,,,,,,
"Burleson, Nate",WR,DET,2013,9,2,-8,,55,39,461,1,,,,,,
"Burress, Plaxico",WR,NYJ,2011,16,,,,96,45,612,8,,,,,,
"Burress, Plaxico",WR,PIT,2012,4,,,,7,3,42,1,,,,,,
"Burton, Stephen",WR,MIN,2012,11,,,,10,5,35,1,,,,,,
"Burton, Stephen",WR,JAC,2013,4,1,-9,,13,8,76,,,,,,,
"Bush, Michael",RB,OAK,2011,16,256,977,7,47,37,418,1,,,,,1,
"Bush, Michael",RB,CHI,2012,13,114,411,5,11,9,83,,,,,,,1
"Bush, Michael",RB,CHI,2013,15,63,197,3,8,4,48,1,,,,,,
"Bush, Reggie",RB,MIA,2011,15,216,1086,6,52,43,296,1,,,,,2,
"Bush, Reggie",RB,MIA,2012,16,227,986,6,52,35,292,2,,,,,,2
"Bush, Reggie",RB,DET,2013,14,223,1006,4,80,54,506,3,,,,,,4
"Butler, Brice",WR,OAK,2013,10,,,,17,9,103,,,,,,,
"Butler, Deon",WR,SEA,2011,5,,,,7,6,51,,,,,,,
"Byham, Nate",TE,TBB,2012,11,,,,4,3,18,1,,,,,,
"Byham, Nate",TE,TB,2013,4,,,,3,3,38,,,,,,,
"Byrd, LaRon",WR,ARI,2012,4,,,,2,1,8,,,,,,,
"Byrne, Jake",TE,HOU,2013,7,,,,,,,,,,,,,
"Cadet, Travaris",RB,NOS,2012,13,1,5,,8,5,44,,,,,,,1
"Cadet, Travaris",RB,NO,2013,13,,,,2,2,5,1,,,,,,
"Caldwell, Andre",WR,CIN,2011,13,,,,68,37,317,3,,,,,,
"Caldwell, Andre",WR,DEN,2012,8,1,14,,4,1,18,,,,,,,
"Caldwell, Andre",WR,DEN,2013,16,1,7,,29,16,200,3,,,,,,
"Camarillo, Greg",WR,MIN,2011,13,,,,24,9,121,,,,,,,
"Camarillo, Greg",WR,NOS,2012,5,,,,5,4,44,,,,,,,
"Cameron, Jordan",TE,CLE,2011,8,,,,13,6,33,,,,,,,
"Cameron, Jordan",TE,CLE,2012,14,,,,40,20,226,1,,,,,,
"Cameron, Jordan",TE,CLE,2013,15,,,,118,80,917,7,,,,,,
"Campbell, Jason",QB,OAK,2011,6,18,60,2,,,,,165,100,1170,6,1,4
"Campbell, Jason",QB,CHI,2012,6,7,28,,,,,,51,32,265,2,2,
"Campbell, Jason",QB,CLE,2013,9,14,107,,,,,,316,180,2015,11,7,2
"Campbell, Michael",WR,NYJ,2013,4,,,,2,0,0,,,,,,,
"Carlson, John",TE,MIN,2012,14,,,,14,8,43,,,,,,,
"Carlson, John",TE,MIN,2013,13,,,,48,32,344,1,,,,,,1
"Carr, David",QB,NYG,2012,2,3,-3,,,,,,3,2,19,,,
"Carrier, Derek",TE,SF,2013,5,,,,,,,,,,,,,
"Carter, Delone",RB,IND,2011,16,101,377,2,8,5,18,,,,,,3,
"Carter, Delone",RB,IND,2012,10,32,122,3,2,1,13,,,,,,,
"Cartwright, Rock",RB,OAK,2011,15,4,45,,6,4,24,,,,,,,
"Casey, James",RB,HOU,2011,14,1,11,,24,18,260,1,,,,,,
"Casey, James",TE,HOU,2012,16,1,6,,45,34,330,3,,,,,,
"Casey, James",TE,PHI,2013,15,,,,6,3,31,,,,,,,
"Cassel, Matt",QB,KCC,2011,9,25,99,,,,,,269,160,1713,10,2,9
"Cassel, Matt",QB,KCC,2012,9,27,145,1,,,,,277,161,1796,6,12,7
"Cassel, Matt",QB,MIN,2013,9,18,57,1,,,,,254,153,1807,11,9,1
"Caussin, Mike",TE,BUF,2011,6,,,,6,5,41,,,,,,,
"Celek, Brent",TE,PHI,2011,16,,,,97,62,811,5,,,,,,
"Celek, Brent",TE,PHI,2012,15,,,,88,57,684,1,,,,,,1
"Celek, Brent",TE,PHI,2013,16,,,,51,32,502,6,,,,,,1
"Celek, Garrett",TE,SFO,2012,13,,,,7,4,51,,,,,,,
"Celek, Garrett",TE,SF,2013,12,,,,4,2,38,,,,,,,
"Chandler, Scott",TE,BUF,2011,14,,,,46,38,389,6,,,,,1,
"Chandler, Scott",TE,BUF,2012,15,,,,74,43,571,6,,,,,,1
"Chandler, Scott",TE,BUF,2013,16,,,,81,53,655,2,,,,,,1
"Chapas, Shaun",RB,DAL,2011,3,,,,1,1,9,,,,,,,
"Chapas, Shaun",RB,DET,2012,3,,,,2,1,6,,,,,,,
"Charles, Jamaal",RB,KCC,2011,2,12,83,,6,5,9,1,,,,,1,
"Charles, Jamaal",RB,KCC,2012,16,285,1509,5,48,35,236,1,,,,,,3
"Charles, Jamaal",RB,KC,2013,15,259,1287,12,104,70,693,7,,,,,,2
"Charles, Orson",TE,CIN,2012,16,,,,10,8,101,,,,,,,
"Choice, Tashard",RB,DAL,2011,13,57,152,1,30,19,124,,,,,,2,
"Choice, Tashard",RB,BUF,2012,11,47,193,1,9,4,9,,,,,,,
"Choice, Tashard",RB,BUF,2013,15,46,170,,9,5,15,,,,,,,
"Clark, Dallas",TE,IND,2011,11,,,,65,34,352,2,,,,,1,
"Clark, Dallas",TE,TBB,2012,16,,,,75,47,435,4,,,,,,
"Clark, Dallas",TE,BAL,2013,12,,,,52,31,343,3,,,,,,
"Clay, Charles",RB,MIA,2011,14,,,,25,16,233,3,,,,,,
"Clay, Charles",RB,MIA,2012,14,,,,33,18,212,2,,,,,,
"Clay, Charles",TE,MIA,2013,16,7,15,1,100,69,759,6,,,,,,
"Clay, John",RB,PIT,2011,2,10,41,1,,,,,,,,,,
"Clayton, Mark",WR,STL,2011,2,,,,5,3,26,,,,,,,
"Clayton, Michael",WR,NYG,2011,5,,,,1,0,0,,,,,,,
"Clayton, Thomas",RB,CLE,2011,3,8,12,,1,1,3,,,,,,,
"Clemens, Kellen",QB,STL,2011,3,6,37,1,,,,,91,48,546,2,,1
"Clemens, Kellen",QB,STL,2012,2,2,5,,,,,,3,1,39,,1,
"Clemens, Kellen",QB,STL,2013,10,23,64,,,,,,242,142,1673,8,7,4
"Clemons, Toney",WR,JAC,2012,4,,,,11,3,41,,,,,,,
"Cloherty, Colin",TE,JAC,2011,4,,,,8,4,57,,,,,,,
"Clutts, Tyler",RB,CHI,2011,16,,,,10,8,48,,,,,,,
"Clutts, Tyler",RB,MIA,2013,8,,,,2,1,4,,,,,,,1
"Cobb, Randall",WR,GBP,2011,15,2,5,,31,25,375,1,,,,,3,
"Cobb, Randall",WR,GBP,2012,15,10,132,,104,80,954,8,,,,,,1
"Cobb, Randall",WR,GB,2013,6,4,78,,47,31,433,4,,,,,,
"Cochart, Colin",TE,CIN,2011,10,,,,9,5,44,1,,,,,,
"Coffman, Chase",WR,ATL,2012,5,,,,1,1,11,,,,,,,
"Coffman, Chase",TE,ATL,2013,10,,,,2,0,0,,,,,,,
"Colbert, Keary",WR,KCC,2011,7,,,,12,9,89,,,,,,,
"Coleman, Derrick",RB,SEA,2013,12,2,3,,8,8,62,1,,,,,,
"Collie, Austin",WR,IND,2011,16,,,,94,54,514,1,,,,,,
"Collie, Austin",WR,IND,2012,1,,,,1,1,6,,,,,,,
"Collie, Austin",WR,NE,2013,7,,,,11,6,63,,,,,,,
"Collins, Jed",RB,NOS,2011,16,4,4,2,14,11,50,2,,,,,,
"Collins, Jed",RB,NOS,2012,15,,,,16,14,70,2,,,,,,1
"Collins, Jed",RB,NO,2013,16,15,45,1,18,14,54,,,,,,,
"Collins, Kerry",QB,IND,2011,3,2,-1,,,,,,98,48,481,2,3,1
"Colston, Marques",WR,NOS,2011,14,,,,107,80,1143,8,,,,,1,
"Colston, Marques",WR,NOS,2012,16,,,,130,83,1154,10,,,,,,2
"Colston, Marques",WR,NO,2013,15,,,,111,75,943,5,,,,,,
"Cone, Kevin",WR,ATL,2012,12,,,,1,0,0,,,,,,,
"Cone, Kevin",WR,ATL,2013,16,,,,1,1,12,,,,,,,
"Conner, John",RB,NYJ,2011,16,13,44,1,5,2,9,,,,,,,
"Conner, John",RB,NYJ,2012,5,,,,2,0,0,,,,,,,
"Conner, John",RB,NYG,2013,13,,,,11,6,31,,,,,,,
"Cook, Jared",TE,TEN,2011,16,,,,81,49,759,3,,,,,2,
"Cook, Jared",TE,TEN,2012,13,,,,72,44,523,4,,,,,,1
"Cook, Jared",TE,STL,2013,16,,,,85,51,671,5,,,,,,1
"Cooley, Chris",TE,WAS,2011,5,2,3,,13,8,65,,,,,,,
"Cooley, Chris",TE,WAS,2012,9,,,,3,1,8,,,,,,,
"Cooper, Josh",WR,CLE,2012,6,,,,18,8,106,,,,,,,
"Cooper, Josh",WR,CLE,2013,5,,,,14,9,60,,,,,,,
"Cooper, Riley",WR,PHI,2011,16,,,,35,16,315,1,,,,,,
"Cooper, Riley",WR,PHI,2012,11,,,,47,23,248,3,,,,,,
"Cooper, Riley",WR,PHI,2013,16,,,,83,47,835,8,,,,,,
"Copper, Terrance",WR,KCC,2011,16,,,,12,8,114,,,,,,,
"Copper, Terrance",WR,KCC,2012,15,1,1,,12,8,79,,,,,,,
"Cotchery, Jerricho",WR,PIT,2011,13,1,3,,30,16,237,2,,,,,,
"Cotchery, Jerricho",WR,PIT,2012,14,,,,27,17,205,,,,,,,
"Cotchery, Jerricho",WR,PIT,2013,16,1,-5,,76,46,602,10,,,,,,
"Cousins, Kirk",QB,WAS,2012,3,3,22,,,,,,48,33,466,4,3,
"Cousins, Kirk",QB,WAS,2013,5,4,14,,,,,,155,81,854,4,7,2
"Cox, Michael",RB,NYG,2013,14,22,43,,3,3,12,,,,,,,
"Cox, Mike",RB,ATL,2011,9,,,,3,2,8,,,,,,,
"Cox, Mike",RB,ATL,2012,8,,,,3,3,22,,,,,,,
"Crabtree, Michael",WR,SFO,2011,15,1,6,,114,72,874,4,,,,,,
"Crabtree, Michael",WR,SFO,2012,16,1,8,,127,85,1105,9,,,,,,
"Crabtree, Michael",WR,SF,2013,5,,,,33,19,284,1,,,,,,
"Crabtree, Tom",TE,GBP,2011,16,,,,8,6,38,1,,,,,,
"Crabtree, Tom",TE,GBP,2012,14,,,,12,8,203,3,,,,,,
"Crabtree, Tom",TE,TB,2013,7,,,,7,4,21,1,,,,,,
"Crayton, Patrick",WR,SDC,2011,14,,,,34,23,248,1,,,,,,
"Cribbs, Josh",WR,CLE,2012,16,6,42,,11,7,63,,,,,,,3
"Cribbs, Josh",WR,NYJ,2013,6,13,55,,2,2,6,,,,,,,
"Cribbs, Joshua",WR,CLE,2011,16,7,25,,67,41,518,4,,,,,1,
"Criner, Juron",WR,OAK,2012,12,,,,33,16,151,1,,,,,,
"Criner, Juron",WR,OAK,2013,1,,,,8,3,32,,,,,,,
"Cruz, Victor",WR,NYG,2011,16,1,3,,131,82,1536,9,,,,,1,
"Cruz, Victor",WR,NYG,2012,16,,,,143,86,1092,10,,,,,,
"Cruz, Victor",WR,NYG,2013,14,,,,122,73,998,4,,,,,,1
"Cumberland, Jeff",TE,NYJ,2011,3,,,,5,2,35,,,,,,,
"Cumberland, Jeff",TE,NYJ,2012,15,,,,53,29,359,3,,,,,,
"Cumberland, Jeff",TE,NYJ,2013,15,,,,40,26,398,4,,,,,,
"Cunningham, B.J.",WR,PHI,2013,1,,,,,,,,,,,,,
"Cunningham, Benny",RB,STL,2013,14,47,261,1,10,6,59,,,,,,,1
"Cunningham, Justice",TE,IND,2013,1,,,,1,1,4,,,,,,,
"Cutler, Jay",QB,CHI,2011,10,18,55,1,,,,,314,182,2319,13,3,7
"Cutler, Jay",QB,CHI,2012,15,41,233,,,,,,434,255,3033,19,14,4
"Cutler, Jay",QB,CHI,2013,11,23,118,,,,,,355,224,2621,19,12,3
"Dalton, Andy",QB,CIN,2011,16,37,152,1,,,,,516,300,3398,20,2,13
"Dalton, Andy",QB,CIN,2012,16,47,120,4,,,,,528,329,3669,27,16,4
"Dalton, Andy",QB,CIN,2013,16,61,183,2,,,,,586,363,4296,33,20,3
"Daniel, Chase",QB,NOS,2011,16,3,-3,,,,,,5,4,29,,,
"Daniel, Chase",QB,NOS,2012,16,3,17,,,,,,1,1,10,,,
"Daniel, Chase",QB,KC,2013,5,14,52,,,,,,38,25,248,1,1,
"Daniels, Owen",TE,HOU,2011,15,,,,84,54,677,3,,,,,,
"Daniels, Owen",TE,HOU,2012,15,,,,104,62,716,6,,,,,,
"Daniels, Owen",TE,HOU,2013,5,,,,41,24,252,3,,,,,,
"Davis, Dominique",QB,ATL,2013,2,,,,,,,,7,5,34,,,
"Davis, Drew",WR,ATL,2012,15,,,,6,4,40,1,,,,,,
"Davis, Drew",WR,ATL,2013,16,,,,16,12,216,2,,,,,,
"Davis, Fred",TE,WAS,2011,12,,,,88,59,796,3,,,,,1,
"Davis, Fred",TE,WAS,2012,7,1,1,,31,24,325,,,,,,,
"Davis, Fred",TE,WAS,2013,10,,,,18,7,70,1,,,,,,
"Davis, Kellen",TE,CHI,2011,16,,,,34,18,206,5,,,,,,
"Davis, Kellen",TE,CHI,2012,16,,,,44,19,229,2,,,,,,1
"Davis, Kellen",TE,SEA,2013,15,,,,4,3,32,1,,,,,,
"Davis, Knile",RB,KC,2013,16,70,242,4,15,11,75,,,,,,,1
"Davis, Rashied",WR,DET,2011,11,,,,5,4,63,,,,,,,
"Davis, Vernon",TE,SFO,2011,16,2,-5,,95,67,792,6,,,,,1,
"Davis, Vernon",TE,SFO,2012,16,,,,61,41,548,5,,,,,,
"Davis, Vernon",TE,SF,2013,15,,,,84,52,850,13,,,,,,1
"Dawson, Skye",WR,TB,2013,7,2,15,,7,2,12,,,,,,,
"Decker, Eric",WR,DEN,2011,16,1,1,,94,44,612,8,,,,,1,
"Decker, Eric",WR,DEN,2012,16,,,,122,85,1064,13,,,,,,
"Decker, Eric",WR,DEN,2013,16,,,,136,87,1288,11,,,,,,1
"Delhomme, Jake",QB,HOU,2011,1,,,,,,,,28,18,211,1,1,
"Demps, Jeffery",RB,TB,2013,2,1,14,,3,3,21,,,,,,,
"Develin, James",RB,NE,2013,16,4,10,1,4,4,62,,,,,,,
"Dickerson, Dorin",WR,BUF,2012,10,1,-8,,15,9,117,,,,,,,1
"Dickerson, Dorin",TE,DET,2013,5,,,,5,2,34,,,,,,,
"Dickson, Ed",TE,BAL,2011,16,,,,89,54,528,5,,,,,,
"Dickson, Ed",TE,BAL,2012,13,,,,33,21,225,,,,,,,
"Dickson, Ed",TE,BAL,2013,16,,,,43,25,273,1,,,,,,
"Dillard, Jarett",WR,JAC,2011,14,,,,50,29,292,1,,,,,1,
"DiMarco, Patrick",RB,ATL,2013,14,,,,10,8,49,,,,,,,
"D'Imperio, Ryan",RB,MIN,2011,12,,,,6,2,7,,,,,,,
"Dixon, Anthony",RB,SFO,2011,16,29,87,2,1,1,6,,,,,,,
"Dixon, Anthony",RB,SFO,2012,16,21,78,2,,,,,,,,,,
"Dixon, Anthony",RB,SF,2013,16,28,56,2,3,3,30,,,,,,,
"Dobbs, Demarcus",TE,SF,2013,15,,,,,,,,,,,,,
"Dobson, Aaron",WR,NE,2013,12,,,,72,37,519,4,,,,,,
"Donnell, Larry",TE,NYG,2013,16,,,,6,3,31,,,,,,,
"Doss, Tandon",WR,BAL,2011,5,,,,2,0,0,,,,,,,
"Doss, Tandon",WR,BAL,2012,14,,,,17,7,123,1,,,,,,
"Doss, Tandon",WR,BAL,2013,15,,,,36,19,305,,,,,,,1
"Doucet, Early",WR,ARI,2011,16,,,,97,54,689,5,,,,,,
"Doucet, Early",WR,ARI,2012,12,2,9,,53,28,207,,,,,,,
"Douglas, Harry",WR,ATL,2011,16,1,3,,62,39,498,1,,,,,,
"Douglas, Harry",WR,ATL,2012,15,2,4,,59,38,396,1,,,,,,
"Douglas, Harry",WR,ATL,2013,16,,,,132,85,1067,2,,,,,,2
"Doyle, Jack",TE,IND,2013,15,,,,7,5,19,,,,,,,
"Draughn, Shaun",RB,KCC,2012,16,59,233,2,30,24,158,,,,,,,1
"Draughn, Shaun",RB,BAL,2013,3,4,2,,,,,,,,,,,
"Dray, Jim",TE,ARI,2011,10,,,,5,2,25,,,,,,,
"Dray, Jim",TE,ARI,2012,13,,,,2,2,15,,,,,,,
"Dray, Jim",TE,ARI,2013,16,,,,32,26,215,2,,,,,,1
"Dreessen, Joel",TE,HOU,2011,16,,,,39,28,353,6,,,,,,
"Dreessen, Joel",TE,DEN,2012,16,,,,58,41,356,5,,,,,,
"Dreessen, Joel",TE,DEN,2013,13,,,,9,7,47,1,,,,,,
"Driver, Donald",WR,GBP,2011,16,,,,56,37,445,6,,,,,,
"Driver, Donald",WR,GBP,2012,13,,,,13,8,77,2,,,,,,
"Dunbar, Lance",RB,DAL,2012,12,21,75,,12,6,33,,,,,,,
"Dunbar, Lance",RB,DAL,2013,9,30,150,,7,7,59,,,,,,,1
"Durham, Kris",WR,SEA,2011,3,,,,4,3,30,,,,,,,
"Durham, Kris",WR,DET,2012,4,,,,21,8,125,1,,,,,,
"Durham, Kris",WR,DET,2013,16,,,,85,38,490,2,,,,,,1
"Dwyer, Jonathan",RB,PIT,2011,7,16,123,,1,1,6,,,,,,,
"Dwyer, Jonathan",RB,PIT,2012,13,156,623,2,25,18,106,,,,,,,2
"Dwyer, Jonathan",RB,PIT,2013,15,49,197,,11,8,64,,,,,,,
"Eachus, Nate",RB,KCC,2012,11,5,18,,3,1,19,,,,,,,
"Easley, Marcus",WR,BUF,2013,16,,,,5,2,13,,,,,,,
"Ebert, Jeremy",WR,JAC,2013,6,,,,8,3,18,,,,,,,
"Edelman, Julian",WR,NEP,2011,13,4,8,,8,4,34,,,,,,1,
"Edelman, Julian",WR,NEP,2012,9,4,45,,32,21,235,3,,,,,,1
"Edelman, Julian",WR,NE,2013,16,2,11,,151,105,1056,6,,,,,,
"Edwards, Armanti",WR,CAR,2011,16,1,5,,,,,,,,,,,
"Edwards, Armanti",WR,CAR,2012,16,,,,9,5,121,,,,,,,
"Edwards, Armanti",WR,CAR,2013,5,1,0,,5,1,10,,,,,,,
"Edwards, Braylon",WR,SFO,2011,9,,,,36,15,181,,,,,,,
"Edwards, Braylon",WR,SEA,2012,13,,,,35,18,199,1,,,,,,
"Edwards, Patrick",WR,DET,2013,4,,,,11,5,46,,,,,,,
"Edwards, Trent",QB,PHI,2012,1,,,,,,,,2,2,14,,,
"Egnew, Michael",TE,MIA,2013,16,,,,11,7,69,,,,,,,
"Eifert, Tyler",TE,CIN,2013,15,,,,60,39,445,2,,,,,,
"Eldridge, Brody",TE,IND,2011,13,,,,10,9,45,,,,,,,
"Ellington, Andre",RB,ARI,2013,15,118,652,3,57,39,371,1,,,,,,
"Elliott, Kevin",WR,JAC,2012,13,,,,31,10,108,,,,,,,
"Ellison, Rhett",TE,MIN,2012,16,,,,9,7,65,,,,,,,
"Ellison, Rhett",TE,MIN,2013,11,,,,10,5,61,1,,,,,,
"Epps, Dedrick",TE,NYJ,2012,3,,,,1,1,9,,,,,,,1
"Ertz, Zach",TE,PHI,2013,16,,,,56,36,469,4,,,,,,
"Escobar, Gavin",TE,DAL,2013,16,,,,15,9,134,2,,,,,,
"Evans, Lee",WR,BAL,2011,9,,,,26,4,74,,,,,,,
"Ewing, Bradie",RB,ATL,2013,2,,,,2,2,29,,,,,,,
"Fasano, Anthony",TE,MIA,2011,15,,,,54,32,451,5,,,,,,
"Fasano, Anthony",TE,MIA,2012,16,,,,69,41,332,5,,,,,,
"Fasano, Anthony",TE,KC,2013,9,,,,33,23,200,3,,,,,,
"Faulk, Kevin",RB,NEP,2011,7,17,57,,9,7,34,,,,,,,
"Fauria, Joseph",TE,DET,2013,16,,,,30,18,207,7,,,,,,
"Feeley, A.J.",QB,STL,2011,5,3,4,,,,,,97,53,548,1,2,2
"Fells, Daniel",TE,DEN,2011,16,,,,31,19,256,3,,,,,1,
"Fells, Daniel",TE,NEP,2012,13,,,,9,4,85,,,,,,,
"Felton, Jerome",RB,CAR,2011,14,3,10,,7,4,40,,,,,,,
"Felton, Jerome",RB,MIN,2012,16,,,,4,3,35,,,,,,,
"Felton, Jerome",RB,MIN,2013,13,,,,8,6,37,,,,,,,
"Fiammetta, Tony",RB,DAL,2011,10,4,4,,5,3,39,,,,,,,
"Fiammetta, Tony",RB,CHI,2013,16,,,,5,4,57,,,,,,,
"Finley, Jermichael",TE,GBP,2011,16,,,,92,55,767,8,,,,,,
"Finley, Jermichael",TE,GBP,2012,16,,,,86,61,667,2,,,,,,1
"Finley, Jermichael",TE,GB,2013,6,,,,34,25,300,3,,,,,,
"Fitzgerald, Larry",WR,ARI,2011,16,,,,154,80,1411,8,,,,,,
"Fitzgerald, Larry",WR,ARI,2012,16,,,,156,71,798,4,,,,,,
"Fitzgerald, Larry",WR,ARI,2013,16,2,8,,135,82,954,10,,,,,,1
"Fitzpatrick, Ryan",QB,BUF,2011,16,56,215,,,,,,569,353,3832,24,2,23
"Fitzpatrick, Ryan",QB,BUF,2012,16,48,197,1,,,,,505,306,3400,24,16,6
"Fitzpatrick, Ryan",QB,TEN,2013,11,43,225,3,,,,,350,217,2454,14,12,2
"Flacco, Joe",QB,BAL,2011,16,39,88,1,,,,,542,312,3610,20,6,12
"Flacco, Joe",QB,BAL,2012,16,32,22,3,,,,,531,317,3817,22,10,4
"Flacco, Joe",QB,BAL,2013,16,27,131,1,,,,,614,362,3912,19,22,2
"Fleener, Coby",TE,IND,2012,12,,,,48,26,281,2,,,,,,
"Fleener, Coby",TE,IND,2013,16,,,,85,52,608,4,,,,,,
"Floyd, Malcom",WR,SDC,2011,12,,,,70,43,856,5,,,,,,
"Floyd, Malcom",WR,SDC,2012,14,,,,85,56,814,5,,,,,,
"Floyd, Malcom",WR,SD,2013,2,,,,11,6,149,,,,,,,
"Floyd, Michael",WR,ARI,2012,16,,,,86,45,562,2,,,,,,1
"Floyd, Michael",WR,ARI,2013,16,,,,112,65,1041,5,,,,,,
"Flynn, Matt",QB,GBP,2011,5,13,-6,1,,,,,49,33,518,6,1,2
"Flynn, Matt",QB,SEA,2012,3,4,-5,,,,,,9,5,68,,,
"Flynn, Matt",QB,OAK,2013,7,20,65,,,,,,200,124,1392,8,5,6
"Foles, Nick",QB,PHI,2012,7,11,42,1,,,,,265,161,1699,6,5,3
"Foles, Nick",QB,PHI,2013,13,57,221,3,,,,,317,203,2891,27,2,2
"Ford, Chase",TE,MIN,2013,9,,,,16,11,133,,,,,,,
"Ford, Jacoby",WR,OAK,2011,8,4,31,,33,19,279,1,,,,,1,
"Ford, Jacoby",WR,OAK,2013,14,5,15,,24,13,99,,,,,,,1
"Ford, Michael",RB,CHI,2013,12,,,,,,,,,,,,,
"Forsett, Justin",RB,SEA,2011,16,46,145,1,34,23,128,,,,,,,
"Forsett, Justin",RB,HOU,2012,16,63,374,1,5,3,38,,,,,,,
"Forsett, Justin",RB,JAC,2013,9,6,31,,16,15,82,,,,,,,
"Forte, Matt",RB,CHI,2011,12,203,997,3,76,52,490,1,,,,,2,
"Forte, Matt",RB,CHI,2012,15,248,1094,5,60,44,340,1,,,,,,1
"Forte, Matt",RB,CHI,2013,16,289,1339,9,94,74,594,3,,,,,,2
"Foster, Arian",RB,HOU,2011,13,278,1224,10,72,53,617,2,,,,,3,
"Foster, Arian",RB,HOU,2012,16,351,1424,15,58,40,217,2,,,,,,2
"Foster, Arian",RB,HOU,2013,8,121,542,1,35,22,183,1,,,,,,
"Franklin, Collin",TE,TBB,2011,2,,,,2,0,0,,,,,,,
"Franklin, Johnathan",RB,GB,2013,10,19,107,1,5,4,30,,,,,,,1
"Freeman, Josh",QB,TBB,2011,15,55,238,4,,,,,551,346,3592,16,5,22
"Freeman, Josh",QB,TBB,2012,16,39,139,,,,,,558,306,4065,27,17,2
"Freeman, Josh",QB,TB,2013,4,5,20,,,,,,147,63,761,2,4,1
"Gabbert, Blaine",QB,JAC,2011,15,48,98,,,,,,413,210,2214,12,5,11
"Gabbert, Blaine",QB,JAC,2012,10,18,56,,,,,,278,162,1662,9,6,3
"Gabbert, Blaine",QB,JAC,2013,3,9,32,,,,,,86,42,481,1,7,
"Gaffney, Jabar",WR,WAS,2011,16,,,,115,68,947,5,,,,,1,
"Gaffney, Jabar",WR,MIA,2012,3,,,,10,4,68,,,,,,,
"Gallarda, Tommy",TE,ATL,2012,9,,,,4,1,7,,,,,,,
"Garcon, Pierre",WR,IND,2011,16,4,28,,134,70,947,6,,,,,2,
"Garcon, Pierre",WR,WAS,2012,10,2,9,,67,44,633,4,,,,,,
"Garcon, Pierre",WR,WAS,2013,16,2,19,,182,113,1346,5,,,,,,1
"Gates, Antonio",TE,SDC,2011,13,,,,88,64,778,7,,,,,,
"Gates, Antonio",TE,SDC,2012,15,,,,80,49,538,7,,,,,,
"Gates, Antonio",TE,SD,2013,16,,,,113,77,872,4,,,,,,2
"Gates, Clyde",WR,MIA,2011,15,1,4,,12,2,19,,,,,,,
"Gates, Clyde",WR,NYJ,2012,11,1,12,,35,16,224,,,,,,,
"Gates, Clyde",WR,NYJ,2013,6,,,,24,12,122,,,,,,,
"Gerhart, Toby",RB,MIN,2011,16,109,531,1,28,23,190,3,,,,,,
"Gerhart, Toby",RB,MIN,2012,16,50,169,1,27,20,155,,,,,,,2
"Gerhart, Toby",RB,MIN,2013,14,36,283,2,19,13,88,,,,,,,1
"Gibson, Brandon",WR,STL,2011,15,2,16,,71,36,431,1,,,,,,
"Gibson, Brandon",WR,STL,2012,16,,,,82,51,691,5,,,,,,
"Gibson, Brandon",WR,MIA,2013,7,,,,42,30,326,3,,,,,,
"Gillislee, Mike",RB,MIA,2013,3,6,21,,,,,,,,,,,
"Gilmore, John",TE,NOS,2011,14,,,,5,3,20,1,,,,,,
"Gilreath, David",WR,PIT,2012,3,1,7,,1,0,0,,,,,,,
"Gilyard, Mardy",WR,PHI,2012,8,,,,6,2,15,,,,,,,
"Ginn Jr., Ted",WR,SFO,2011,14,8,68,,33,19,220,,,,,,,
"Ginn Jr., Ted",WR,SFO,2012,13,1,7,,2,2,1,,,,,,,1
"Ginn, Ted",WR,CAR,2013,16,4,29,,68,36,556,5,,,,,,
"Givens, Chris",WR,STL,2012,15,3,12,,80,42,698,3,,,,,,
"Givens, Chris",WR,STL,2013,16,3,8,,83,34,569,,,,,,,1
"Glennon, Mike",QB,TB,2013,13,27,37,,,,,,416,247,2608,19,9,4
"Golden, Brittan",WR,ARI,2013,5,,,,10,4,136,,,,,,,
"Gonzalez, Anthony",WR,IND,2011,8,,,,1,0,0,,,,,,,
"Gonzalez, Tony",TE,ATL,2011,16,,,,116,80,875,7,,,,,,
"Gonzalez, Tony",TE,ATL,2012,16,,,,124,93,930,8,,,,,,
"Gonzalez, Tony",TE,ATL,2013,16,,,,121,83,859,8,,,,,,
"Goodman, Richard",WR,SDC,2011,16,,,,2,0,0,,,,,,,
"Goodman, Richard",WR,SDC,2012,7,,,,2,0,0,,,,,,,
"Goodson, Mike",RB,CAR,2011,4,,,,3,1,4,,,,,,,
"Goodson, Mike",RB,OAK,2012,12,35,221,,16,16,195,1,,,,,,
"Goodson, Mike",RB,NYJ,2013,2,7,61,,3,2,19,,,,,,,
"Goodwin, Marquise",WR,BUF,2013,12,3,13,,32,17,283,3,,,,,,1
"Gordon, Josh",WR,CLE,2012,16,,,,95,50,805,5,,,,,,1
"Gordon, Josh",WR,CLE,2013,14,5,88,,159,87,1646,9,,,,,,
"Gordon, Richard",TE,OAK,2011,14,,,,1,1,2,,,,,,,
"Gordon, Richard",TE,OAK,2012,13,,,,7,2,9,1,,,,,,
"Gordon, Richard",TE,KC,2013,2,,,,1,1,3,,,,,,,
"Gore, Frank",RB,SFO,2011,16,282,1211,8,30,17,114,,,,,,2,
"Gore, Frank",RB,SFO,2012,16,258,1214,8,36,28,234,1,,,,,,1
"Gore, Frank",RB,SF,2013,16,276,1128,9,26,16,141,,,,,,,3
"Gradkowski, Bruce",QB,CIN,2011,2,3,1,,,,,,18,8,109,1,,1
"Gradkowski, Bruce",QB,CIN,2012,2,4,-2,,,,,,11,5,65,,,
"Gragg, Chris",TE,BUF,2013,9,,,,7,5,53,1,,,,,,
"Graham, Daniel",TE,TEN,2011,16,,,,5,2,25,1,,,,,,
"Graham, Earnest",RB,TBB,2011,7,37,206,,31,26,163,,,,,,,
"Graham, Garrett",TE,HOU,2011,7,,,,2,1,24,,,,,,,
"Graham, Garrett",TE,HOU,2012,15,,,,39,28,263,3,,,,,,
"Graham, Garrett",TE,HOU,2013,13,,,,89,49,545,5,,,,,,1
"Graham, Jimmy",TE,NOS,2011,16,,,,149,99,1310,11,,,,,1,
"Graham, Jimmy",TE,NOS,2012,15,,,,135,85,982,9,,,,,,
"Graham, Jimmy",TE,NO,2013,16,,,,142,86,1215,16,,,,,,
"Graham, Ray",RB,HOU,2013,1,4,8,,3,1,12,,,,,,,
"Graham, T.J.",WR,BUF,2012,15,1,5,,58,31,322,1,,,,,,
"Graham, T.J.",WR,BUF,2013,16,4,14,,58,23,361,2,,,,,,1
"Grant, Ryan",RB,GBP,2011,15,134,559,2,24,19,268,1,,,,,1,
"Grant, Ryan",RB,WAS,2012,5,32,132,2,2,1,34,,,,,,,1
"Gray, Cyrus",RB,KCC,2012,10,7,44,,3,2,18,,,,,,,
"Gray, Cyrus",RB,KC,2013,16,9,24,,10,7,46,,,,,,,
"Gray, MarQueis",TE,CLE,2013,12,6,43,,9,2,8,,,,,,1,
"Green, A.J.",WR,CIN,2011,15,5,53,,115,65,1057,7,,,,,,
"Green, A.J.",WR,CIN,2012,16,4,38,,164,97,1350,11,,,,,,1
"Green, A.J.",WR,CIN,2013,16,,,,178,98,1426,11,,,,,,
"Green, Alex",RB,GBP,2011,5,3,11,,1,1,6,,,,,,,
"Green, Alex",RB,GBP,2012,12,135,464,,29,18,125,,,,,,,
"Green, Alex",RB,NYJ,2013,13,11,35,,2,2,8,,,,,,,
"Green, Ladarius",TE,SDC,2012,3,,,,4,4,56,,,,,,,
"Green, Ladarius",TE,SD,2013,16,,,,29,17,376,3,,,,,,
"Green, Virgil",TE,DEN,2011,15,,,,5,3,24,,,,,,,
"Green, Virgil",TE,DEN,2012,12,,,,6,5,63,,,,,,,
"Green, Virgil",TE,DEN,2013,16,,,,12,9,45,,,,,,,
"Greene, Shonn",RB,NYJ,2011,16,253,1054,6,41,30,211,,,,,,,
"Greene, Shonn",RB,NYJ,2012,16,276,1063,8,30,19,151,,,,,,,1
"Greene, Shonn",RB,TEN,2013,11,77,295,4,7,6,39,,,,,,,
"Green-Ellis, BenJarvus",RB,NEP,2011,16,181,667,11,13,9,159,,,,,,,
"Green-Ellis, BenJarvus",RB,CIN,2012,15,278,1094,6,30,22,104,,,,,,,2
"Green-Ellis, BenJarvus",RB,CIN,2013,16,220,756,7,8,4,22,,,,,,,2
"Gresham, Jermaine",TE,CIN,2011,14,,,,92,56,596,6,,,,,1,
"Gresham, Jermaine",TE,CIN,2012,16,,,,94,64,737,5,,,,,,1
"Gresham, Jermaine",TE,CIN,2013,14,,,,66,46,461,4,,,,,,3
"Griffin III, Robert",QB,WAS,2012,15,120,815,7,,,,,393,258,3200,20,5,2
"Griffin III, Robert",QB,WAS,2013,13,86,489,,,,,,456,274,3203,16,12,4
"Griffin, Ryan",TE,HOU,2013,15,,,,28,19,244,1,,,,,,
"Grimes, Jonathan",RB,NYJ,2012,9,2,6,,2,2,7,,,,,,,
"Grimes, Jonathan",RB,HOU,2013,2,21,73,1,6,6,76,,,,,,,1
"Gronkowski, Chris",RB,DEN,2012,14,,,,1,1,11,,,,,,,
"Gronkowski, Rob",TE,NEP,2011,16,1,2,1,124,90,1327,17,,,,,,
"Gronkowski, Rob",TE,NEP,2012,11,,,,80,55,790,11,,,,,,1
"Gronkowski, Rob",TE,NE,2013,7,,,,66,39,592,4,,,,,,
"Grossman, Rex",QB,WAS,2011,14,20,11,1,,,,,458,265,3151,16,5,20
"Gurley, Tori",WR,CLE,2013,3,,,,3,1,15,,,,,,,
"Hagan, Derek",WR,OAK,2011,10,,,,42,24,252,1,,,,,,
"Hagan, Derek",WR,OAK,2012,14,,,,36,20,259,,,,,,,
"Hakim, Saalim",WR,NYJ,2013,3,2,-3,,1,0,0,,,,,,,
"Hall, Ahmard",RB,TEN,2011,12,6,24,,14,9,46,,,,,,1,
"Hall, Chad",WR,PHI,2011,7,3,13,,9,3,20,1,,,,,,
"Hall, Chad",WR,KC,2013,9,,,,7,2,20,,,,,,,
"Hanie, Caleb",QB,CHI,2011,6,13,98,,,,,,102,51,613,3,,9
"Hankerson, Leonard",WR,WAS,2011,4,,,,19,13,163,,,,,,,
"Hankerson, Leonard",WR,WAS,2012,16,2,5,,57,38,543,3,,,,,,
"Hankerson, Leonard",WR,WAS,2013,10,,,,50,30,375,3,,,,,,
"Hanna, James",TE,DAL,2012,18,,,,11,8,86,,,,,,,
"Hanna, James",TE,DAL,2013,16,,,,15,12,73,,,,,,,
"Harbor, Clay",TE,PHI,2011,16,,,,19,13,163,1,,,,,,
"Harbor, Clay",TE,PHI,2012,14,,,,39,25,186,2,,,,,,1
"Harbor, Clay",TE,JAC,2013,16,,,,35,24,292,2,,,,,,1
"Hardesty, Montario",RB,CLE,2011,10,88,266,,21,14,122,,,,,,,
"Hardesty, Montario",RB,CLE,2012,12,65,271,1,5,2,16,,,,,,,
"Harkey, Cory",TE,STL,2013,15,,,,18,13,113,2,,,,,,
"Harper, Chris",WR,GB,2013,4,,,,,,,,,,,,,
"Harper, Jamie",RB,TEN,2011,13,17,44,1,6,4,32,,,,,,1,
"Harper, Jamie",RB,TEN,2012,10,19,30,3,1,1,8,,,,,,,
"Harrell, Graham",QB,GBP,2012,4,4,-3,,,,,,4,2,20,,,1
"Harris, DuJuan",RB,JAC,2011,5,9,42,,2,1,4,,,,,,,
"Harris, DuJuan",RB,GBP,2012,4,34,157,2,2,2,17,,,,,,,
"Harris, Dwayne",WR,DAL,2012,16,,,,31,17,222,1,,,,,,
"Harris, Dwayne",WR,DAL,2013,13,1,6,,14,9,80,2,,,,,,1
"Harrison, Jerome",RB,DET,2011,4,14,41,,2,1,3,,,,,,,
"Hartline, Brian",WR,MIA,2011,16,1,9,,66,35,549,1,,,,,,
"Hartline, Brian",WR,MIA,2012,16,,,,131,74,1083,1,,,,,,1
"Hartline, Brian",WR,MIA,2013,16,,,,130,76,1016,4,,,,,,
"Hartsock, Ben",TE,CAR,2012,15,,,,3,2,30,,,,,,,
"Hartsock, Ben",TE,CAR,2013,13,,,,,,,,,,,,,
"Harvin, Percy",WR,MIN,2011,16,52,345,2,120,87,967,6,,,,,2,
"Harvin, Percy",WR,MIN,2012,9,22,96,1,85,62,677,3,,,,,,1
"Harvin, Percy",WR,SEA,2013,1,,,,1,1,17,,,,,,,
"Hasselbeck, Matt",QB,TEN,2011,16,20,52,,,,,,518,319,3571,18,1,14
"Hasselbeck, Matt",QB,TEN,2012,8,13,38,,,,,,221,138,1367,7,5,1
"Hasselbeck, Matt",QB,IND,2013,3,2,-2,,,,,,12,7,130,,1,
"Hastings, Joe",WR,SFO,2011,1,,,,1,0,0,,,,,,,
"Havili, Stanley",RB,PHI,2012,15,6,22,1,12,7,43,,,,,,,
"Havili, Stanley",RB,IND,2013,13,7,7,,20,18,128,1,,,,,,
"Hawkins, Andrew",WR,CIN,2011,13,5,25,,34,23,263,,,,,,,
"Hawkins, Andrew",WR,CIN,2012,14,6,30,,80,51,533,4,,,,,,
"Hawkins, Andrew",WR,CIN,2013,8,2,3,,18,12,199,,,,,,,
"Hawkins, Lavelle",WR,TEN,2011,16,,,,77,47,470,1,,,,,,
"Hawkins, Lavelle",WR,TEN,2012,7,,,,11,5,62,,,,,,,
"Hawkins, Lavelle",WR,SD,2013,4,,,,,,,,,,,,,
"Heap, Todd",TE,ARI,2011,10,,,,36,24,283,1,,,,,,
"Heap, Todd",TE,ARI,2012,2,,,,13,8,94,,,,,,,
"Heller, Will",TE,DET,2011,16,,,,12,6,42,,,,,,,
"Heller, Will",TE,DET,2012,16,,,,23,17,150,1,,,,,,
"Helu, Roy",RB,WAS,2011,15,151,640,2,60,49,379,1,,,,,2,
"Helu, Roy",RB,WAS,2012,3,2,2,,7,7,45,,,,,,,
"Helu, Roy",RB,WAS,2013,16,62,274,4,42,31,251,,,,,,,
"Hemingway, Junior",WR,KC,2013,16,,,,19,13,125,2,,,,,,1
"Henderson, Devery",WR,NOS,2011,16,1,9,,50,32,503,2,,,,,,
"Henderson, Devery",WR,NOS,2012,15,1,13,,47,22,316,1,,,,,,
"Henne, Chad",QB,MIA,2011,4,15,112,1,,,,,112,64,868,4,,4
"Henne, Chad",QB,JAC,2012,10,19,64,1,,,,,308,166,2084,11,11,2
"Henne, Chad",QB,JAC,2013,15,26,77,,,,,,503,305,3241,13,14,
"Hernandez, Aaron",TE,NEP,2011,14,5,45,,113,79,910,7,,,,,1,
"Hernandez, Aaron",TE,NEP,2012,10,1,5,,83,51,483,5,,,,,,
"Herron, Dan",RB,SEA,2012,19,4,5,,1,0,0,,,,,,,
"Herron, Dan",RB,IND,2013,6,5,33,,1,1,57,,,,,,,
"Hester, Devin",WR,CHI,2011,16,1,-6,,56,26,369,1,,,,,,
"Hester, Devin",WR,CHI,2012,15,3,6,,40,23,242,1,,,,,,
"Hester, Jacob",RB,SDC,2011,16,28,90,,18,12,48,1,,,,,,
"Hester, Jacob",RB,DEN,2012,3,17,81,2,1,1,7,,,,,,,
"Heyward-Bey, Darrius",WR,OAK,2011,15,,,,115,64,975,4,,,,,1,
"Heyward-Bey, Darrius",WR,OAK,2012,15,2,16,,80,41,606,5,,,,,,
"Heyward-Bey, Darrius",WR,IND,2013,16,3,26,,64,29,309,1,,,,,,
"Higgins, Michael",TE,NOS,2011,2,,,,1,1,4,,,,,,,
"Higgins, Michael",TE,NOS,2012,2,,,,1,1,-3,,,,,,,
"Hightower, Tim",RB,WAS,2011,5,84,321,1,15,10,78,1,,,,,,
"Hill, Anthony",TE,IND,2011,7,,,,3,2,10,,,,,,,
"Hill, Jason",WR,JAC,2011,10,,,,55,25,367,3,,,,,,
"Hill, Jason",WR,NYJ,2012,3,,,,3,2,15,1,,,,,,
"Hill, Josh",TE,NO,2013,14,1,-8,,10,6,44,1,,,,,,
"Hill, Michael",RB,GB,2013,8,9,23,,2,2,23,,,,,,,
"Hill, Shaun",QB,DET,2011,2,1,-1,,,,,,3,2,33,,,
"Hill, Shaun",QB,DET,2012,1,1,-1,,,,,,13,10,172,2,,
"Hill, Shaun",QB,DET,2013,2,2,-2,,,,,,,,,,,
"Hill, Stephen",WR,NYJ,2012,11,,,,47,21,252,3,,,,,,
"Hill, Stephen",WR,NYJ,2013,12,,,,59,24,342,1,,,,,,1
"Hilliard, Lex",RB,MIA,2011,16,16,41,1,7,5,49,,,,,,,
"Hilliard, Lex",RB,NEP,2012,14,9,33,,9,4,23,,,,,,,
"Hillis, Peyton",RB,CLE,2011,10,161,587,3,34,22,130,,,,,,1,
"Hillis, Peyton",RB,KCC,2012,13,85,309,1,14,10,62,,,,,,,2
"Hillis, Peyton",RB,NYG,2013,7,73,247,2,21,13,96,,,,,,,1
"Hillman, Ronnie",RB,DEN,2012,14,84,327,1,12,10,62,,,,,,,1
"Hillman, Ronnie",RB,DEN,2013,9,55,218,1,14,12,119,,,,,,,1
"Hilton, T.Y.",WR,IND,2012,15,5,29,,90,50,861,7,,,,,,
"Hilton, T.Y.",WR,IND,2013,16,2,6,,135,82,1083,5,,,,,,
"Hixon, Domenik",WR,NYG,2011,2,,,,6,4,50,1,,,,,,
"Hixon, Domenik",WR,NYG,2012,13,,,,59,39,567,2,,,,,,
"Hixon, Domenik",WR,CAR,2013,15,,,,9,7,55,1,,,,,,
"Hogan, Chris",WR,BUF,2013,16,,,,17,10,83,,,,,,,
"Holley, Jesse",WR,DAL,2011,16,,,,7,7,169,,,,,,,
"Holliday, Trindon",WR,HOU,2012,15,,,,2,2,17,,,,,,,1
"Holliday, Trindon",WR,DEN,2013,15,1,7,,,,,,,,,,,2
"Holmes, Andre",WR,DAL,2012,7,,,,2,2,11,,,,,,,
"Holmes, Andre",WR,OAK,2013,10,,,,52,25,431,1,,,,,,
"Holmes, Santonio",WR,NYJ,2011,16,3,27,,98,51,654,8,,,,,1,
"Holmes, Santonio",WR,NYJ,2012,4,,,,41,20,272,1,,,,,,1
"Holmes, Santonio",WR,NYJ,2013,11,,,,59,23,456,1,,,,,,
"Hoomanawanui, Michael",TE,STL,2011,8,,,,13,7,83,,,,,,,
"Hoomanawanui, Michael",TE,NEP,2012,14,,,,7,5,109,,,,,,,
"Hoomanawanui, Michael",TE,NE,2013,13,,,,19,12,136,1,,,,,,
"Hopkins, DeAndre",WR,HOU,2013,16,,,,91,52,802,2,,,,,,1
"Horne, Jeremy",WR,KCC,2011,9,1,5,,2,0,0,,,,,,,
"Houshmandzadeh, T.J.",WR,OAK,2011,9,,,,19,11,146,1,,,,,,
"Housler, Rob",TE,ARI,2011,12,,,,26,12,133,,,,,,1,
"Housler, Rob",TE,ARI,2012,15,,,,68,45,417,,,,,,,
"Housler, Rob",TE,ARI,2013,13,,,,57,39,454,1,,,,,,
"Hoyer, Brian",QB,NEP,2011,3,4,-3,,,,,,1,1,22,,,
"Hoyer, Brian",QB,ARI,2012,2,1,6,,,,,,53,30,330,1,2,
"Hoyer, Brian",QB,CLE,2013,3,6,16,,,,,,96,57,615,5,3,
"Hughes, Robert",RB,IND,2012,5,1,5,,1,1,3,,,,,,,
"Hughes, Robert",RB,IND,2013,1,,,,2,1,6,,,,,,,
"Hunter, Justin",WR,TEN,2013,14,,,,42,18,354,4,,,,,,
"Hunter, Kendall",RB,SFO,2011,16,112,473,2,26,16,195,,,,,,,
"Hunter, Kendall",RB,SFO,2012,11,72,371,2,12,9,60,,,,,,,1
"Hunter, Kendall",RB,SF,2013,16,78,358,3,4,2,13,,,,,,,1
"Hurd, Sam",WR,CHI,2011,12,,,,15,8,109,,,,,,,
"Hynoski, Henry",RB,NYG,2011,11,,,,16,12,83,,,,,,,
"Hynoski, Henry",RB,NYG,2012,16,5,20,,15,11,50,1,,,,,,
"Hynoski, Henry",RB,NYG,2013,3,,,,2,1,5,,,,,,,
"Ingram, Mark",RB,NOS,2011,10,122,474,5,13,11,46,,,,,,1,
"Ingram, Mark",RB,NOS,2012,16,156,602,5,10,6,29,,,,,,,
"Ingram, Mark",RB,NO,2013,11,78,386,1,11,7,68,,,,,,,
"Ivory, Chris",RB,NOS,2011,6,79,374,1,1,0,0,,,,,,,
"Ivory, Chris",RB,NOS,2012,6,40,217,2,3,2,15,,,,,,,
"Ivory, Chris",RB,NYJ,2013,15,182,833,3,7,2,10,,,,,,,
"Jackson, Brandon",RB,CLE,2012,3,8,54,,4,2,20,,,,,,,
"Jackson, DeSean",WR,PHI,2011,15,7,41,,104,58,961,4,,,,,1,
"Jackson, DeSean",WR,PHI,2012,11,3,-7,,87,45,700,2,,,,,,
"Jackson, DeSean",WR,PHI,2013,16,3,2,,126,82,1332,9,,,,,,
"Jackson, Fred",RB,BUF,2011,10,170,934,6,50,39,442,,,,,,2,
"Jackson, Fred",RB,BUF,2012,10,115,437,3,42,34,217,1,,,,,,4
"Jackson, Fred",RB,BUF,2013,16,206,890,9,66,47,387,1,,,,,,
"Jackson, Steven",RB,STL,2011,15,260,1145,5,58,42,333,1,,,,,1,
"Jackson, Steven",RB,STL,2012,16,257,1042,4,53,38,321,,,,,,,
"Jackson, Steven",RB,ATL,2013,12,157,543,6,49,33,191,1,,,,,,
"Jackson, Tarvaris",QB,SEA,2011,15,40,108,1,,,,,450,271,3091,14,5,13
"Jackson, Tarvaris",QB,SEA,2013,4,4,1,1,,,,,13,10,151,1,,
"Jackson, Vincent",WR,SDC,2011,16,3,51,,115,60,1106,9,,,,,,
"Jackson, Vincent",WR,TBB,2012,16,,,,147,72,1384,8,,,,,,
"Jackson, Vincent",WR,TB,2013,16,1,0,,160,78,1224,7,,,,,,
"Jacobs, Brandon",RB,NYG,2011,14,152,571,7,23,15,128,1,,,,,,
"Jacobs, Brandon",RB,SFO,2012,2,5,7,,,,,,,,,,,
"Jacobs, Brandon",RB,NYG,2013,7,58,238,4,7,2,13,,,,,,,1
"James, LaMichael",RB,SFO,2012,4,27,125,,5,3,29,,,,,,,
"James, LaMichael",RB,SF,2013,10,12,59,,3,2,16,,,,,,,
"James, Mike",RB,TB,2013,8,60,295,,11,10,43,,,,,,,
"Jean, Lestar",WR,HOU,2012,14,,,,12,6,151,1,,,,,,
"Jean, Lestar",WR,HOU,2013,11,,,,8,4,35,,,,,,,
"Jefferson, D.C.",TE,ARI,2013,4,,,,,,,,,,,,,
"Jeffery, Alshon",WR,CHI,2012,10,,,,48,24,367,3,,,,,,
"Jeffery, Alshon",WR,CHI,2013,16,16,105,,149,89,1421,7,,,,,,1
"Jenkins, A.J.",WR,SFO,2012,3,,,,1,0,0,,,,,,,
"Jenkins, A.J.",WR,KC,2013,16,2,6,,17,8,130,,,,,,,
"Jenkins, Greg",WR,OAK,2013,6,,,,1,0,0,,,,,,,1
"Jenkins, Michael",WR,MIN,2011,11,,,,55,38,466,3,,,,,2,
"Jenkins, Michael",WR,MIN,2012,16,,,,72,40,449,2,,,,,,
"Jennings, Greg",WR,GBP,2011,13,,,,101,67,949,9,,,,,,
"Jennings, Greg",WR,GBP,2012,8,,,,62,36,366,4,,,,,,
"Jennings, Greg",WR,MIN,2013,15,,,,106,68,804,4,,,,,,
"Jennings, Rashad",RB,JAC,2012,10,101,283,2,26,19,130,,,,,,,1
"Jennings, Rashad",RB,OAK,2013,15,163,733,6,47,36,292,,,,,,,
"Jernigan, Jerrel",WR,NYG,2011,8,,,,2,0,0,,,,,,,
"Jernigan, Jerrel",WR,NYG,2012,9,1,6,,5,3,22,,,,,,,
"Jernigan, Jerrel",WR,NYG,2013,15,2,57,1,44,29,329,2,,,,,,1
"Johnson, Andre",WR,HOU,2011,7,1,8,,51,33,492,2,,,,,,
"Johnson, Andre",WR,HOU,2012,16,,,,162,112,1598,4,,,,,,
"Johnson, Andre",WR,HOU,2013,16,,,,181,109,1407,5,,,,,,
"Johnson, Bryant",WR,HOU,2011,15,1,1,,13,6,90,1,,,,,,
"Johnson, Calvin",WR,DET,2011,16,1,11,,158,96,1681,16,,,,,1,
"Johnson, Calvin",WR,DET,2012,16,,,,204,122,1964,5,,,,,,3
"Johnson, Calvin",WR,DET,2013,14,,,,156,84,1492,12,,,,,,1
"Johnson, Chris",RB,TEN,2011,16,262,1047,4,79,57,418,,,,,,1,
"Johnson, Chris",RB,TEN,2012,16,276,1243,6,49,36,232,,,,,,,4
"Johnson, Chris",RB,TEN,2013,16,279,1077,6,52,42,345,4,,,,,,2
"Johnson, Damaris",WR,PHI,2012,14,3,12,,31,19,256,,,,,,,2
"Johnson, Damaris",WR,PHI,2013,13,,,,3,2,14,,,,,,,1
"Johnson, Darius",WR,ATL,2013,10,,,,43,22,210,1,,,,,,1
"Johnson, David",TE,PIT,2011,16,,,,14,12,91,1,,,,,,
"Johnson, David",TE,PIT,2013,5,,,,6,4,70,,,,,,,
"Johnson, Dennis",RB,HOU,2013,8,49,183,,12,8,46,,,,,,,
"Johnson, Jeremiah",RB,DEN,2011,8,14,77,,9,7,62,,,,,,,
"Johnson, Josh",QB,TBB,2011,9,11,67,,,,,,36,19,246,1,1,2
"Johnson, Josh",QB,CIN,2013,2,7,20,,,,,,,,,,,
"Johnson, Larry",RB,MIA,2011,2,1,2,,,,,,,,,,,
"Johnson, Quinn",RB,TEN,2011,4,,,,3,3,30,,,,,,,
"Johnson, Quinn",RB,TEN,2012,16,4,5,,8,5,40,,,,,,,
"Johnson, Quinn",RB,TEN,2013,4,,,,1,0,0,,,,,,,
"Johnson, Steve",WR,BUF,2011,16,,,,133,76,1004,7,,,,,,
"Johnson, Steve",WR,BUF,2013,12,1,10,,101,52,597,3,,,,,,1
"Johnson, Stevie",WR,BUF,2012,16,,,,148,79,1046,6,,,,,,1
"Johnson, Will",RB,PIT,2012,16,2,7,,26,15,137,1,,,,,,
"Johnson, Will",RB,PIT,2013,16,,,,11,8,41,1,,,,,,
"Jones, Dominique",TE,IND,2012,4,,,,1,1,8,,,,,,,
"Jones, Dominique",TE,IND,2013,8,,,,3,2,34,,,,,,,
"Jones, Donald",WR,BUF,2011,8,1,2,,46,23,231,1,,,,,,
"Jones, Donald",WR,BUF,2012,12,,,,67,41,443,4,,,,,,
"Jones, Felix",RB,DAL,2011,12,127,575,1,44,33,221,,,,,,2,
"Jones, Felix",RB,DAL,2012,16,111,402,3,36,25,262,2,,,,,,2
"Jones, Felix",RB,PIT,2013,16,48,184,,13,9,63,,,,,,,1
"Jones, Greg",RB,JAC,2011,16,2,7,1,9,4,19,,,,,,,
"Jones, Greg",RB,JAC,2012,12,5,8,,14,11,64,,,,,,,
"Jones, Greg B.",RB,HOU,2013,16,2,2,,11,5,34,,,,,,,
"Jones, Jacoby",WR,HOU,2011,16,4,17,,65,31,512,2,,,,,,
"Jones, Jacoby",WR,BAL,2012,16,1,6,,55,30,406,1,,,,,,
"Jones, Jacoby",WR,BAL,2013,12,2,0,,67,37,455,2,,,,,,
"Jones, James",WR,GBP,2011,16,,,,55,38,635,7,,,,,,
"Jones, James",WR,GBP,2012,16,,,,100,64,784,14,,,,,,
"Jones, James",WR,GB,2013,14,,,,93,59,817,3,,,,,,1
"Jones, Julio",WR,ATL,2011,13,6,56,,94,54,959,8,,,,,1,
"Jones, Julio",WR,ATL,2012,16,6,30,,128,79,1198,10,,,,,,
"Jones, Julio",WR,ATL,2013,5,1,7,,59,41,580,2,,,,,,1
"Jones, Landry",QB,PIT,2013,1,,,,,,,,,,,,,
"Jones, Marcel",WR,WAS,2011,13,,,,26,12,137,,,,,,1,
"Jones, Marvin",WR,CIN,2012,11,3,47,,32,18,201,1,,,,,,
"Jones, Marvin",WR,CIN,2013,16,8,65,,81,51,712,10,,,,,,
"Jones, Taiwan",RB,OAK,2011,10,16,73,,3,2,25,,,,,,,
"Jones, Taiwan",RB,OAK,2012,14,6,21,,2,2,11,,,,,,,
"Jones, Thomas",RB,KCC,2011,16,153,478,,7,5,43,,,,,,,
"Jones-Drew, Maurice",RB,JAC,2011,16,343,1606,8,64,43,374,3,,,,,1,
"Jones-Drew, Maurice",RB,JAC,2012,6,86,414,1,18,14,86,1,,,,,,
"Jones-Drew, Maurice",RB,JAC,2013,15,234,803,5,60,43,314,,,,,,,1
"Juszczyk, Kyle",RB,BAL,2013,16,,,,1,0,0,,,,,,,
"Kaepernick, Colin",QB,SFO,2011,3,2,-2,,,,,,5,3,35,,,
"Kaepernick, Colin",QB,SFO,2012,13,63,415,5,,,,,218,136,1814,10,3,2
"Kaepernick, Colin",QB,SF,2013,16,92,524,4,,,,,416,243,3197,21,8,4
"Kafka, Mike",QB,PHI,2011,4,3,0,,,,,,16,11,107,,,2
"Karim, Deji",RB,JAC,2011,12,63,130,,19,14,120,,,,,,,
"Karim, Deji",RB,HOU,2013,7,12,51,,2,1,-1,,,,,,,
"Kasa, Nick",TE,OAK,2013,16,,,,5,1,9,1,,,,,,
"Kearse, Jermaine",WR,SEA,2013,16,,,,38,22,346,4,,,,,,1
"Keenum, Case",QB,HOU,2013,8,14,72,1,,,,,253,137,1760,9,6,2
"Keller, Dustin",TE,NYJ,2011,16,,,,115,65,815,5,,,,,1,
"Keller, Dustin",TE,NYJ,2012,8,,,,36,28,317,2,,,,,,
"Kelly, Reggie",TE,ATL,2011,16,,,,2,1,7,,,,,,,
"Kendricks, Lance",TE,STL,2011,15,1,-8,,58,28,352,,,,,,1,
"Kendricks, Lance",TE,STL,2012,16,,,,64,42,519,4,,,,,,
"Kendricks, Lance",TE,STL,2013,15,,,,46,32,258,4,,,,,,
"Kerley, Jeremy",WR,NYJ,2011,14,5,28,,48,29,314,1,,,,,1,
"Kerley, Jeremy",WR,NYJ,2012,16,5,8,,95,56,827,2,,,,,,3
"Kerley, Jeremy",WR,NYJ,2013,12,4,11,,72,43,523,3,,,,,,
"King, Jeff",TE,ARI,2011,16,,,,34,27,271,3,,,,,,
"King, Jeff",TE,ARI,2012,16,,,,29,17,129,,,,,,,
"Kitna, Jon",QB,DAL,2011,3,3,-2,,,,,,10,6,87,1,,2
"Kleinsasser, Jim",TE,MIN,2011,16,,,,6,1,4,,,,,,,
"Knox, Johnny",WR,CHI,2011,14,,,,69,37,727,2,,,,,1,
"Kolb, Kevin",QB,ARI,2011,9,17,65,,,,,,253,146,1955,9,3,8
"Kolb, Kevin",QB,ARI,2012,6,16,100,1,,,,,183,109,1169,8,3,2
"Kuhn, John",RB,GBP,2011,16,30,78,4,18,15,77,2,,,,,,
"Kuhn, John",RB,GBP,2012,14,23,63,1,16,15,148,,,,,,,
"Kuhn, John",RB,GB,2013,15,10,38,1,19,13,81,,,,,,,1
"Lacy, Eddie",RB,GB,2013,15,284,1178,11,44,35,257,,,,,,,1
"LaFell, Brandon",WR,CAR,2011,16,,,,56,36,613,3,,,,,,
"LaFell, Brandon",WR,CAR,2012,14,3,35,,76,44,677,4,,,,,,
"LaFell, Brandon",WR,CAR,2013,16,2,15,,85,49,627,5,,,,,,
"Lane, Jorvorskie",RB,MIA,2012,16,13,13,2,12,11,79,1,,,,,,1
"Larsen, Spencer",RB,DEN,2011,16,14,44,,9,9,76,,,,,,,
"Larsen, Spencer",RB,TB,2013,13,,,,,,,,,,,,,
"Leach, Vonta",RB,BAL,2011,16,12,35,,27,15,69,,,,,,,
"Leach, Vonta",RB,BAL,2012,16,9,32,1,24,21,143,,,,,,,
"Leach, Vonta",RB,BAL,2013,16,11,23,,20,11,47,1,,,,,,
"Lee, Donald",TE,CIN,2011,9,,,,13,11,115,,,,,,,
"Leftwich, Byron",QB,PIT,2012,2,1,31,1,,,,,53,25,272,,1,
"Leinart, Matt",QB,HOU,2011,2,1,-1,,,,,,13,10,57,1,,
"Leinart, Matt",QB,OAK,2012,2,,,,,,,,33,16,115,,1,
"Leonard, Brian",RB,CIN,2011,13,17,85,,31,22,210,,,,,,,
"Leonard, Brian",RB,CIN,2012,15,33,106,,15,11,67,,,,,,,
"Leonard, Brian",RB,TB,2013,16,47,182,,37,29,179,,,,,,,
"LeRibeus, Josh",WR,NEP,2011,16,,,,3,1,46,,,,,,1,
"Leshoure, Mikel",RB,DET,2012,14,215,798,9,48,34,214,,,,,,,3
"Leshoure, Mikel",RB,DET,2013,3,2,9,,,,,,,,,,,
"Lewis, Dion",RB,PHI,2011,15,23,102,1,1,1,-3,,,,,,1,
"Lewis, Dion",RB,PHI,2012,9,13,69,1,2,2,24,,,,,,,
"Lewis, Dion",RB,CLE,2013,1,,,,,,,,,,,,,
"Lewis, Lance",WR,WAS,2013,3,,,,,,,,,,,,,
"Lewis, Marcedes",TE,JAC,2011,15,,,,85,39,460,,,,,,,
"Lewis, Marcedes",TE,JAC,2012,16,,,,77,52,540,4,,,,,,
"Lewis, Marcedes",TE,JAC,2013,11,,,,47,25,359,4,,,,,,1
"Lewis, Thaddeus",QB,CLE,2012,1,1,3,,,,,,32,22,204,1,1,
"Lewis, Thaddeus",QB,BUF,2013,6,24,52,1,,,,,157,93,1092,4,3,3
"Lindley, Ryan",QB,ARI,2012,6,4,7,,,,,,171,89,752,,7,2
"Line, Zach",RB,MIN,2013,3,,,,3,1,8,,,,,,,
"Little, Greg",WR,CLE,2011,16,3,15,,120,61,709,2,,,,,,
"Little, Greg",WR,CLE,2012,16,2,15,,92,53,647,4,,,,,,
"Little, Greg",WR,CLE,2013,16,,,,99,41,465,2,,,,,,
"Lloyd, Brandon",WR,DEN,2011,15,,,,150,70,966,5,,,,,,
"Lloyd, Brandon",WR,NEP,2012,16,,,,130,74,911,4,,,,,,
"Locker, Jake",QB,TEN,2011,5,8,56,1,,,,,66,34,542,4,,
"Locker, Jake",QB,TEN,2012,11,41,291,1,,,,,314,177,2176,10,11,4
"Locker, Jake",QB,TEN,2013,7,24,155,2,,,,,183,111,1256,8,4,1
"Lockette, Ricardo",WR,SEA,2011,2,,,,4,2,105,1,,,,,,
"Lockette, Ricardo",WR,SEA,2013,8,1,-2,,7,5,82,,,,,,,
"Logan, Stefan",WR,DET,2011,16,9,32,,1,1,19,,,,,,2,
"Logan, Stefan",WR,DET,2012,16,3,17,,7,6,28,,,,,,,2
"Lorig, Erik",RB,TBB,2011,16,,,,9,6,53,,,,,,,
"Lorig, Erik",RB,TBB,2012,16,,,,19,12,83,1,,,,,,
"Lorig, Erik",RB,TB,2013,15,,,,14,11,47,,,,,,,
"Losman, J.P.",QB,MIA,2011,2,2,1,,,,,,10,6,60,,,
"Luck, Andrew",QB,IND,2012,16,62,255,5,,,,,627,339,4374,23,18,5
"Luck, Andrew",QB,IND,2013,16,63,377,4,,,,,570,343,3822,23,9,2
"Lumpkin, Kregg",RB,TBB,2011,16,31,105,,53,41,291,,,,,,,
"Lumpkin, Kregg",RB,NYG,2012,5,9,42,,2,0,0,,,,,,,1
"Lynch, Marshawn",RB,SEA,2011,15,285,1204,12,41,28,212,1,,,,,2,
"Lynch, Marshawn",RB,SEA,2012,16,315,1590,11,30,23,196,1,,,,,,2
"Lynch, Marshawn",RB,SEA,2013,16,301,1257,12,44,36,316,2,,,,,,1
"Maclin, Jeremy",WR,PHI,2011,13,1,1,,96,63,859,5,,,,,1,
"Maclin, Jeremy",WR,PHI,2012,15,,,,122,69,857,7,,,,,,1
"Madu, Mossis",RB,TBB,2011,9,15,55,,12,10,72,,,,,,,
"Maehl, Jeff",WR,HOU,2011,3,,,,1,0,0,,,,,,,
"Maehl, Jeff",WR,PHI,2013,16,,,,9,4,67,1,,,,,,
"Mahaffey, Ryan",RB,IND,2011,5,,,,1,1,5,,,,,,,
"Mallett, Ryan",QB,NEP,2012,4,8,-9,,,,,,4,1,17,,1,
"Maneri, Steve",TE,KCC,2012,13,,,,12,5,51,,,,,,,
"Maneri, Steve",TE,CHI,2013,4,,,,2,0,0,,,,,,,
"Manning, Eli",QB,NYG,2011,16,35,15,1,,,,,589,359,4933,29,4,16
"Manning, Eli",QB,NYG,2012,16,20,30,,,,,,536,321,3948,26,15,1
"Manning, Eli",QB,NYG,2013,16,18,36,,,,,,551,317,3818,18,27,2
"Manning, Peyton",QB,DEN,2012,16,23,6,,,,,,583,400,4659,37,11,2
"Manning, Peyton",QB,DEN,2013,16,32,-31,1,,,,,659,450,5477,55,10,6
"Manningham, Mario",WR,NYG,2011,12,,,,77,39,523,4,,,,,,
"Manningham, Mario",WR,SFO,2012,12,3,64,,57,42,449,1,,,,,,1
"Manningham, Mario",WR,SF,2013,6,,,,23,9,85,,,,,,,
"Manuel, E.J.",QB,BUF,2013,10,53,186,2,,,,,306,180,1972,11,9,3
"Marecic, Owen",RB,CLE,2011,14,4,8,,7,5,31,,,,,,,
"Marecic, Owen",RB,CLE,2012,10,,,,5,0,0,,,,,,,
"Mariani, Marc",WR,TEN,2011,16,1,4,,12,5,24,,,,,,,
"Marshall, Brandon",WR,MIA,2011,16,1,13,,141,81,1214,6,,,,,1,
"Marshall, Brandon",WR,CHI,2012,16,1,-2,,192,118,1508,11,,,,,,
"Marshall, Brandon",WR,CHI,2013,16,,,,164,100,1295,12,,,,,,
"Martin, Charly",WR,SEA,2012,4,,,,6,4,42,,,,,,,
"Martin, Doug",RB,TBB,2012,16,319,1454,11,70,49,472,1,,,,,,1
"Martin, Doug",RB,TB,2013,6,127,456,1,24,12,66,,,,,,,1
"Martin, Keshawn",WR,HOU,2012,16,4,53,,28,10,85,1,,,,,,
"Martin, Keshawn",WR,HOU,2013,16,,,,40,22,253,2,,,,,,1
"Martin, Ruvell",WR,BUF,2011,14,,,,16,7,82,,,,,,,
"Martin, Ruvell",WR,BUF,2012,14,,,,6,4,41,,,,,,,
"Mason, Derrick",WR,NYJ,2011,12,,,,35,19,170,,,,,,,
"Massaquoi, Mohamed",WR,CLE,2011,14,,,,74,31,384,2,,,,,,
"Massaquoi, Mohamed",WR,CLE,2012,9,,,,33,17,254,,,,,,,
"Mastrud, Jeron",TE,MIA,2011,14,,,,2,1,8,,,,,,,
"Mastrud, Jeron",TE,OAK,2013,16,,,,13,6,88,,,,,,,
"Mathews, Ryan",RB,SDC,2011,14,222,1091,6,59,50,455,,,,,,2,
"Mathews, Ryan",RB,SDC,2012,12,184,707,1,56,39,252,,,,,,,2
"Mathews, Ryan",RB,SD,2013,16,285,1255,6,33,26,189,1,,,,,,1
"Matthews, Rishard",WR,MIA,2012,8,,,,20,11,151,,,,,,,
"Matthews, Rishard",WR,MIA,2013,16,,,,67,41,448,2,,,,,,
"Maui'a, Reagan",RB,ARI,2011,3,,,,2,1,12,,,,,,,
"Maui'a, Reagan",RB,ARI,2012,3,,,,1,1,7,,,,,,,
"McClain, Le'Ron",RB,KCC,2011,16,15,51,1,22,14,82,1,,,,,,
"McClain, Le'Ron",RB,SDC,2012,16,14,42,,10,8,29,,,,,,,
"McClain, Le'Ron",RB,SD,2013,16,11,32,,3,2,-7,,,,,,,
"McCluster, Dexter",RB,KCC,2011,16,114,516,1,64,46,328,1,,,,,3,
"McCluster, Dexter",RB,KCC,2012,16,12,70,,77,52,452,1,,,,,,2
"McCluster, Dexter",RB,KC,2013,15,8,5,,83,53,511,2,,,,,,
"McCown, Josh",QB,CHI,2011,3,12,68,,,,,,55,35,414,2,,4
"McCown, Josh",QB,CHI,2013,8,13,69,1,,,,,224,149,1829,13,1,1
"McCown, Luke",QB,JAC,2011,4,7,23,,,,,,56,30,296,,1,4
"McCown, Luke",QB,ATL,2012,2,2,-3,,,,,,,,,,,
"McCown, Luke",QB,NO,2013,16,3,-4,,,,,,1,0,0,,,
"McCoy, Anthony",TE,SEA,2011,16,,,,23,13,146,,,,,,,
"McCoy, Anthony",TE,SEA,2012,16,,,,28,18,291,3,,,,,,
"McCoy, Colt",QB,CLE,2011,13,61,212,,,,,,463,265,2733,14,2,11
"McCoy, Colt",QB,CLE,2012,3,4,15,,,,,,17,9,79,1,,
"McCoy, Colt",QB,SF,2013,4,6,-6,,,,,,1,1,13,,,
"McCoy, LeSean",RB,PHI,2011,15,273,1309,17,69,48,315,3,,,,,1,
"McCoy, LeSean",RB,PHI,2012,12,200,840,2,67,54,373,3,,,,,,3
"McCoy, LeSean",RB,PHI,2013,16,314,1607,9,64,52,539,2,,,,,,1
"McDonald, Vance",TE,SF,2013,15,,,,19,8,119,,,,,,,
"McElroy Jr., Greg",QB,NYJ,2012,2,8,30,,,,,,31,19,214,1,1,1
"McFadden, Darren",RB,OAK,2011,7,113,614,4,23,19,154,1,,,,,1,
"McFadden, Darren",RB,OAK,2012,12,216,707,2,63,42,258,1,,,,,,2
"McFadden, Darren",RB,OAK,2013,10,114,379,5,25,17,108,,,,,,,1
"McGahee, Willis",RB,DEN,2011,15,249,1199,4,20,12,51,1,,,,,3,
"McGahee, Willis",RB,DEN,2012,10,167,731,4,33,26,221,,,,,,,4
"McGahee, Willis",RB,CLE,2013,12,138,377,2,11,8,20,,,,,,,1
"McGee, Stephen",QB,DAL,2011,1,4,28,,,,,,38,24,182,1,,
"McGloin, Matthew",QB,OAK,2013,7,11,27,,,,,,211,118,1547,8,8,1
"McGrath, Sean",TE,KC,2013,16,,,,40,26,302,2,,,,,,
"McIntyre, Corey",RB,BUF,2011,16,,,,1,1,4,,,,,,,
"McIntyre, Corey",RB,BUF,2012,16,,,,2,1,9,,,,,,,
"McKnight, Joe",RB,NYJ,2011,15,43,134,,16,13,139,,,,,,2,
"McKnight, Joe",RB,NYJ,2012,15,30,179,,2,1,18,,,,,,,1
"McMichael, Randy",TE,SDC,2011,16,,,,44,30,271,,,,,,,
"McMichael, Randy",TE,SDC,2012,16,,,,13,9,51,,,,,,,
"McNabb, Donovan",QB,MIN,2011,6,14,59,1,,,,,156,94,1026,4,,2
"McNeill, Mike",TE,STL,2012,14,,,,7,4,31,,,,,,,
"McNeill, Mike",TE,STL,2013,14,,,,1,1,5,,,,,,,
"McNutt, Marvin",WR,IND,2012,20,,,,2,0,0,,,,,,,
"McNutt, Marvin",WR,IND,2013,16,,,,1,0,0,,,,,,,
"Meachem, Robert",WR,NOS,2011,16,4,18,,60,40,620,6,,,,,,
"Meachem, Robert",WR,SDC,2012,15,1,-6,,32,14,207,2,,,,,,
"Meachem, Robert",WR,NO,2013,15,2,-1,,30,16,324,2,,,,,,
"Meier, Kerry",WR,ATL,2011,12,,,,1,0,0,,,,,,,
"Mendenhall, Rashard",RB,PIT,2011,15,228,928,9,28,18,154,,,,,,1,
"Mendenhall, Rashard",RB,PIT,2012,6,51,182,,11,9,62,1,,,,,,1
"Mendenhall, Rashard",RB,ARI,2013,15,217,687,8,21,18,134,,,,,,,3
"Michael, Christine",RB,SEA,2013,3,18,79,,,,,,,,,,,
"Miller, Brit",RB,STL,2011,12,5,14,,3,3,41,,,,,,,
"Miller, Brit",RB,STL,2012,9,,,,3,0,0,,,,,,,1
"Miller, Bruce",RB,SFO,2011,15,4,8,,15,11,83,1,,,,,,
"Miller, Bruce",RB,SFO,2012,16,5,18,,13,12,84,,,,,,,
"Miller, Bruce",RB,SF,2013,14,7,13,,36,25,243,,,,,,,
"Miller, Heath",TE,PIT,2011,16,1,6,,74,51,631,2,,,,,1,
"Miller, Heath",TE,PIT,2012,15,,,,101,71,816,8,,,,,,
"Miller, Heath",TE,PIT,2013,14,,,,81,58,593,1,,,,,,1
"Miller, Lamar",RB,MIA,2012,13,51,250,1,8,6,45,,,,,,,
"Miller, Lamar",RB,MIA,2013,16,177,709,2,35,26,170,,,,,,,1
"Miller, Nick",WR,OAK,2011,8,,,,1,1,8,,,,,,,
"Miller, Zach",TE,SEA,2011,15,,,,44,25,233,,,,,,,
"Miller, Zach",TE,JAC,2011,4,,,,7,4,42,1,,,,,,
"Miller, Zach",TE,SEA,2012,16,,,,53,38,396,3,,,,,,1
"Miller, Zach",TE,SEA,2013,14,,,,56,33,387,5,,,,,,
"Milton, Keavon",TE,CLE,2013,8,,,,,,,,,,,,,
"Mitchell, Carlton",WR,CLE,2011,11,,,,4,3,31,,,,,,,
"Moeaki, Tony",TE,KCC,2012,15,,,,56,33,453,1,,,,,,
"Moeaki, Tony",TE,BUF,2013,1,,,,,,,,,,,,,
"Mooney, Collin",RB,TEN,2012,2,5,19,,,,,,,,,,,
"Mooney, Collin",RB,TEN,2013,12,,,,6,6,32,,,,,,,
"Moore, Denarius",WR,OAK,2011,13,5,61,1,76,33,618,5,,,,,,
"Moore, Denarius",WR,OAK,2012,15,1,-5,,114,51,741,7,,,,,,
"Moore, Denarius",WR,OAK,2013,13,,,,86,46,695,5,,,,,,
"Moore, Evan",TE,CLE,2011,16,,,,47,34,324,4,,,,,,
"Moore, Evan",TE,SEA,2012,15,,,,8,1,6,,,,,,,
"Moore, Lance",WR,NOS,2011,14,,,,73,52,627,8,,,,,,
"Moore, Lance",WR,NOS,2012,15,,,,104,65,1041,6,,,,,,
"Moore, Lance",WR,NO,2013,13,,,,54,37,457,2,,,,,,1
"Moore, Marlon",WR,MIA,2012,14,1,9,,11,6,116,1,,,,,,
"Moore, Marlon",WR,SF,2013,14,1,9,,15,7,62,,,,,,,
"Moore, Matt",QB,MIA,2011,13,32,65,2,,,,,347,210,2497,16,6,9
"Moore, Matt",QB,MIA,2012,2,5,-3,,,,,,19,11,131,1,,
"Moore, Matt",QB,MIA,2013,1,,,,,,,,6,2,53,,2,
"Moore, Mewelde",RB,PIT,2011,12,22,157,,14,11,104,1,,,,,2,
"Moore, Mewelde",RB,IND,2012,9,13,20,,8,6,77,1,,,,,,1
"Moreno, Knowshon",RB,DEN,2011,7,37,179,,15,11,101,1,,,,,1,
"Moreno, Knowshon",RB,DEN,2012,8,139,528,4,26,21,167,,,,,,,1
"Moreno, Knowshon",RB,DEN,2013,16,241,1038,10,74,60,548,3,,,,,,
"Morgan, Joseph",WR,NOS,2012,14,1,1,,20,10,379,3,,,,,,
"Morgan, Josh",WR,SFO,2011,5,,,,18,15,220,1,,,,,,
"Morgan, Josh",WR,WAS,2012,16,3,25,,73,48,510,2,,,,,,
"Morgan, Josh",WR,WAS,2013,14,2,13,,33,20,214,,,,,,,
"Morrah, Cameron",TE,SEA,2011,8,1,1,,13,6,74,,,,,,,
"Morris, Alfred",RB,WAS,2012,16,335,1613,13,16,11,77,,,,,,,3
"Morris, Alfred",RB,WAS,2013,16,276,1275,7,12,9,78,,,,,,,4
"Morris, Maurice",RB,DET,2011,16,80,316,1,35,26,230,1,,,,,,
"Morris, Sammy",RB,DAL,2011,3,28,98,,7,5,13,,,,,,,
"Moss, Randy",WR,SFO,2012,16,,,,50,28,434,3,,,,,,
"Moss, Santana",WR,WAS,2011,12,,,,95,46,584,4,,,,,,
"Moss, Santana",WR,WAS,2012,16,3,14,,62,41,573,8,,,,,,1
"Moss, Santana",WR,WAS,2013,16,3,25,,79,42,452,2,,,,,,2
"Moye, Derek",WR,PIT,2013,8,,,,6,2,20,1,,,,,,
"Mughelli, Ovie",RB,ATL,2011,7,2,1,,8,4,25,2,,,,,,
"Mulligan, Matthew",TE,NYJ,2011,16,,,,9,5,58,,,,,,,
"Mulligan, Matthew",TE,STL,2012,16,,,,12,8,84,1,,,,,,
"Mulligan, Matthew",TE,NE,2013,15,,,,3,2,16,1,,,,,,
"Murphy, Louis",WR,OAK,2011,11,6,69,1,33,15,241,,,,,,,
"Murphy, Louis",WR,CAR,2012,16,1,3,,61,25,336,1,,,,,,
"Murphy, Louis",WR,NYG,2013,14,,,,13,6,37,1,,,,,,1
"Murphy, Richard",RB,JAC,2012,5,23,92,,1,0,0,,,,,,,
"Murray, DeMarco",RB,DAL,2011,13,164,897,2,35,26,183,,,,,,,
"Murray, DeMarco",RB,DAL,2012,10,161,663,4,42,35,251,,,,,,,2
"Murray, DeMarco",RB,DAL,2013,14,217,1121,9,66,53,350,1,,,,,,1
"Myers, Brandon",TE,OAK,2011,16,,,,27,16,151,,,,,,,
"Myers, Brandon",TE,OAK,2012,16,,,,105,79,806,4,,,,,,
"Naanee, Legedu",WR,CAR,2011,15,,,,76,44,467,1,,,,,,
"Naanee, Legedu",WR,MIA,2012,4,,,,5,1,19,,,,,,,1
"Nelson, David",WR,BUF,2011,16,,,,98,61,658,5,,,,,,
"Nelson, David",WR,BUF,2012,1,,,,5,2,31,,,,,,,
"Nelson, David",WR,NYJ,2013,12,,,,60,36,423,2,,,,,,
"Nelson, Jordy",WR,GBP,2011,16,,,,95,68,1263,15,,,,,,
"Nelson, Jordy",WR,GBP,2012,12,,,,73,49,745,7,,,,,,
"Nelson, Jordy",WR,GB,2013,16,,,,127,85,1314,8,,,,,,
"Newsome, Jamar",WR,JAC,2011,2,,,,1,0,0,,,,,,,
"Newsome, Jamar",WR,KCC,2012,6,,,,16,5,73,,,,,,,
"Newton, Cam",QB,CAR,2011,16,126,706,14,,,,,517,310,4051,21,2,17
"Newton, Cam",QB,CAR,2012,16,127,741,8,,,,,485,280,3869,19,12,2
"Newton, Cam",QB,CAR,2013,16,111,585,6,,,,,473,292,3379,24,13,1
"Nicks, Hakeem",WR,NYG,2011,15,,,,133,76,1192,7,,,,,,
"Nicks, Hakeem",WR,NYG,2012,13,,,,100,53,692,3,,,,,,
"Nicks, Hakeem",WR,NYG,2013,15,,,,101,56,896,,,,,,,
"Noble, Danny",TE,JAC,2013,8,,,,3,2,63,1,,,,,,
"Norwood, Jerious",RB,STL,2011,9,24,61,,1,0,0,,,,,,,1
"Norwood, Jordan",WR,CLE,2011,14,,,,34,23,268,1,,,,,,
"Norwood, Jordan",WR,CLE,2012,2,1,1,,19,13,137,,,,,,,
"Obomanu, Ben",WR,SEA,2011,16,1,13,,61,37,436,2,,,,,,
"Obomanu, Ben",WR,SEA,2012,8,1,11,,9,4,58,,,,,,,
"Obomanu, Ben",WR,NYJ,2013,3,,,,1,1,8,,,,,,,
"Ochocinco, Chad",WR,NEP,2011,15,,,,32,15,276,1,,,,,,
"O'Connell, Jake",TE,KCC,2011,8,,,,12,7,52,,,,,,,
"O'Connell, Jake",TE,KCC,2012,8,,,,3,3,18,,,,,,,
"Ogbonnaya, Chris",RB,HOU,2011,13,76,340,1,31,23,165,,,,,,1,
"Ogbonnaya, Chris",RB,CLE,2012,15,8,30,,32,24,187,,,,,,,1
"Ogbonnaya, Chris",RB,CLE,2013,16,48,239,,75,48,343,2,,,,,,2
"Ogletree, Kevin",WR,DAL,2011,14,2,3,,26,15,164,,,,,,1,
"Ogletree, Kevin",WR,DAL,2012,15,2,9,,55,32,436,4,,,,,,
"Ogletree, Kevin",WR,TB,2013,16,,,,45,21,269,2,,,,,,
"Olawale, Jamize",RB,OAK,2013,16,3,6,,11,7,63,,,,,,,
"Olsen, Greg",TE,CAR,2011,16,,,,88,45,540,5,,,,,1,
"Olsen, Greg",TE,CAR,2012,16,,,,104,69,843,5,,,,,,
"Olsen, Greg",TE,CAR,2013,16,,,,111,73,816,6,,,,,,
"Onobun, Fendi",TE,JAC,2011,1,,,,1,0,0,,,,,,,
"Orlovsky, Dan",QB,IND,2011,8,6,5,,,,,,193,122,1201,6,3,4
"Orlovsky, Dan",QB,TBB,2012,1,,,,,,,,7,4,51,,,
"Orlovsky, Dan",QB,TB,2013,2,,,,,,,,,,,,,
"Orton, Kyle",QB,DEN,2011,9,11,13,,,,,,252,150,1758,9,2,9
"Orton, Kyle",QB,DAL,2012,1,,,,,,,,10,9,89,1,,
"Orton, Kyle",QB,DAL,2013,3,1,8,,,,,,51,33,398,2,2,
"Osgood, Kassim",WR,JAC,2011,12,,,,11,5,42,,,,,,,
"Osgood, Kassim",WR,SF,2013,14,,,,1,1,17,,,,,,,
"Osweiler, Brock",QB,DEN,2012,5,8,-13,,,,,,4,2,12,,,
"Osweiler, Brock",QB,DEN,2013,4,3,2,,,,,,16,11,95,,,
"Owens, Montell",RB,JAC,2011,13,10,39,,3,2,2,,,,,,,
"Owens, Montell",RB,JAC,2012,13,42,209,1,10,8,113,,,,,,,
"Owens, Montell",RB,DET,2013,1,,,,,,,,,,,,,
"Owusu, Chris",WR,TB,2013,9,,,,20,13,114,,,,,,,
"Painter, Curtis",QB,IND,2011,9,17,107,,,,,,243,132,1541,6,3,9
"Painter, Curtis",QB,NYG,2013,3,3,-2,,,,,,16,8,57,,2,
"Palko, Tyler",QB,KCC,2011,6,5,15,,,,,,134,80,796,2,1,7
"Palmer, Carson",QB,OAK,2011,10,16,20,1,,,,,328,199,2753,13,1,16
"Palmer, Carson",QB,OAK,2012,15,18,36,1,,,,,565,345,4018,22,14,5
"Palmer, Carson",QB,ARI,2013,16,27,3,,,,,,572,362,4274,24,22,3
"Palmer, Michael",TE,ATL,2011,16,,,,16,10,72,1,,,,,,
"Palmer, Michael",TE,ATL,2012,13,,,,6,6,22,1,,,,,,
"Palmer, Michael",TE,PIT,2013,16,,,,1,1,8,,,,,,,
"Parker, Preston",WR,TBB,2011,16,2,0,,64,40,554,3,,,,,3,
"Parker, Preston",WR,TBB,2012,2,1,7,,2,0,0,,,,,,,
"Parmele, Jalen",RB,JAC,2012,11,40,143,,9,7,60,,,,,,,
"Parrish, Roscoe",WR,BUF,2011,2,,,,4,1,16,,,,,,,
"Pascoe, Bear",TE,NYG,2011,16,,,,16,12,136,,,,,,,
"Pascoe, Bear",TE,NYG,2012,15,,,,9,4,35,1,,,,,,
"Pascoe, Bear",TE,NYG,2013,16,1,2,,20,12,81,,,,,,,
"Patterson, Cordarrelle",WR,MIN,2013,16,12,158,3,77,45,469,4,,,,,,
"Patton, Quinton",WR,SF,2013,6,1,26,,5,3,34,,,,,,,
"Paul, Niles",WR,WAS,2011,13,1,7,,5,2,25,,,,,,,
"Paul, Niles",TE,WAS,2012,16,1,-1,,15,8,152,1,,,,,,
"Paul, Niles",TE,WAS,2013,15,,,,8,4,51,,,,,,,
"Paulsen, Logan",TE,WAS,2011,16,,,,19,11,138,,,,,,,
"Paulsen, Logan",TE,WAS,2012,16,,,,38,25,308,1,,,,,,
"Paulsen, Logan",TE,WAS,2013,16,,,,50,28,267,3,,,,,,2
"Paulson, David",TE,PIT,2012,16,,,,11,7,51,,,,,,,
"Paulson, David",TE,PIT,2013,16,,,,10,6,102,,,,,,,1
"Pead, Isaiah",RB,STL,2012,15,10,54,,4,3,16,,,,,,,1
"Pead, Isaiah",RB,STL,2013,10,7,21,,15,11,78,,,,,,,
"Peelle, Justin",TE,SFO,2011,14,,,,4,1,19,,,,,,,
"Peerman, Cedric",RB,CIN,2011,15,3,15,,1,0,0,,,,,,,
"Peerman, Cedric",RB,CIN,2012,14,36,258,1,9,9,85,,,,,,,
"Peerman, Cedric",RB,CIN,2013,16,8,17,,,,,,,,,,,
"Peterson, Adrian",RB,MIN,2011,12,208,970,12,23,18,139,1,,,,,,
"Peterson, Adrian",RB,MIN,2012,16,348,2097,12,51,40,217,1,,,,,,2
"Peterson, Adrian",RB,MIN,2013,14,279,1266,10,40,29,171,1,,,,,,3
"Pettigrew, Brandon",TE,DET,2011,16,,,,126,83,777,5,,,,,,
"Pettigrew, Brandon",TE,DET,2012,14,,,,102,59,567,3,,,,,,2
"Pettigrew, Brandon",TE,DET,2013,14,,,,63,41,416,2,,,,,,1
"Pettis, Austin",WR,STL,2011,12,1,-6,,48,27,256,,,,,,,
"Pettis, Austin",WR,STL,2012,14,,,,48,30,261,4,,,,,,
"Pettis, Austin",WR,STL,2013,16,,,,63,38,399,4,,,,,,
"Phillips, John",TE,DAL,2011,16,,,,18,15,101,1,,,,,,
"Phillips, John",TE,DAL,2012,16,,,,10,8,55,1,,,,,,
"Phillips, John",TE,SD,2013,15,,,,6,4,30,,,,,,,
"Pianalto, Zack",TE,TBB,2011,11,,,,5,4,40,,,,,,,
"Pierce, Bernard",RB,BAL,2012,16,108,532,1,11,7,47,,,,,,,
"Pierce, Bernard",RB,BAL,2013,16,152,436,2,25,20,104,,,,,,,
"Pilares, Kealoha",WR,CAR,2012,8,1,17,,4,2,42,1,,,,,,
"Pitta, Dennis",TE,BAL,2011,16,,,,56,40,405,3,,,,,,
"Pitta, Dennis",TE,BAL,2012,16,,,,94,61,669,7,,,,,,
"Pitta, Dennis",TE,BAL,2013,4,,,,33,20,169,1,,,,,,
"Polite, Lousaka",RB,ATL,2012,6,,,,7,1,8,,,,,,,
"Polk, Chris",RB,PHI,2013,15,11,98,3,5,4,61,,,,,,,
"Ponder, Christian",QB,MIN,2011,11,28,219,,,,,,291,158,1853,13,2,13
"Ponder, Christian",QB,MIN,2012,16,60,253,2,,,,,483,300,2935,18,12,5
"Ponder, Christian",QB,MIN,2013,9,34,151,4,,,,,239,152,1648,7,9,4
"Pope, Leonard",TE,KCC,2011,16,,,,34,24,247,1,,,,,,
"Pope, Leonard",TE,PIT,2012,16,,,,4,3,9,2,,,,,,
"Porter, Quinn",RB,STL,2011,12,,,,1,0,0,,,,,,,
"Posey, DeVier",WR,HOU,2012,11,1,-3,,14,6,87,,,,,,,
"Posey, DeVier",WR,HOU,2013,13,,,,25,15,155,,,,,,,
"Potter, Zach",TE,JAC,2011,15,,,,7,5,50,,,,,,,
"Potter, Zach",TE,JAC,2012,16,,,,7,2,6,,,,,,,
"Powell, Bilal",RB,NYJ,2011,2,13,21,,1,1,7,,,,,,,
"Powell, Bilal",RB,NYJ,2012,14,110,437,4,36,17,140,,,,,,,
"Powell, Bilal",RB,NYJ,2013,16,176,697,1,57,36,272,,,,,,,
"Powell, William",RB,ARI,2012,13,60,217,,25,19,132,,,,,,,
"Pressley, Chris",RB,CIN,2011,15,,,,5,3,19,,,,,,,
"Pressley, Chris",RB,CIN,2012,14,,,,3,1,1,1,,,,,,
"Preston, Michael",WR,TEN,2012,4,,,,7,5,59,,,,,,,
"Preston, Michael",WR,TEN,2013,7,,,,7,5,37,2,,,,,,
"Price, Taylor",WR,NEP,2011,5,,,,4,2,39,,,,,,,
"Pryor, Terrelle",QB,OAK,2012,3,10,51,1,,,,,30,14,155,2,1,
"Pryor, Terrelle",QB,OAK,2013,11,83,576,2,,,,,272,156,1798,7,11,2
"Quarless, Andrew",TE,GBP,2011,10,,,,4,3,36,,,,,,,
"Quarless, Andrew",TE,GB,2013,16,,,,53,32,312,2,,,,,,
"Quick, Brian",WR,STL,2012,14,,,,27,11,156,2,,,,,,
"Quick, Brian",WR,STL,2013,16,,,,35,18,302,2,,,,,,
"Quinn, Brady",QB,KCC,2012,10,19,66,,,,,,197,112,1141,2,8,
"Rainey, Bobby",RB,CLE,2013,16,150,566,5,19,15,46,1,,,,,,1
"Rainey, Chris",RB,PIT,2012,16,26,102,2,22,14,60,,,,,,,1
"Randle, Joseph",RB,DAL,2013,12,54,164,2,10,8,61,,,,,,,
"Randle, Rueben",WR,NYG,2012,16,,,,32,19,298,3,,,,,,
"Randle, Rueben",WR,NYG,2013,16,,,,78,41,611,6,,,,,,1
"Redman, Chris",QB,ATL,2011,5,5,-6,,,,,,28,18,188,,,1
"Redman, Isaac",RB,PIT,2011,16,110,479,3,22,18,78,,,,,,2,
"Redman, Isaac",RB,PIT,2012,14,110,410,2,23,19,244,,,,,,,3
"Redman, Isaac",RB,PIT,2013,4,10,12,,5,4,14,,,,,,,
"Reece, Marcel",RB,OAK,2011,12,17,112,,36,27,301,2,,,,,1,
"Reece, Marcel",RB,OAK,2012,16,59,271,,73,52,496,1,,,,,,
"Reece, Marcel",RB,OAK,2013,16,46,218,2,54,32,331,2,,,,,,
"Reed, David",WR,BAL,2011,11,1,16,,2,0,0,,,,,,2,
"Reed, David",WR,BAL,2012,8,,,,6,5,66,,,,,,,
"Reed, David",WR,IND,2013,7,,,,3,1,2,,,,,,,
"Reed, Jordan",TE,WAS,2013,9,1,18,,59,45,499,3,,,,,,
"Reisner, Allen",TE,MIN,2011,6,,,,1,1,5,,,,,,,
"Reisner, Allen",TE,MIN,2012,4,,,,2,1,13,,,,,,,
"Reisner, Allen",TE,JAC,2013,5,,,,9,5,40,,,,,,,
"Reuland, Konrad",TE,NYJ,2012,16,,,,16,11,83,,,,,,,
"Reuland, Konrad",TE,NYJ,2013,10,,,,3,1,7,,,,,,,
"Reynaud, Darius",WR,TEN,2012,16,16,33,,9,5,35,,,,,,,
"Reynaud, Darius",RB,TEN,2013,9,1,0,,2,1,4,,,,,,,1
"Reynolds, Chase",RB,STL,2013,16,,,,,,,,,,,,,
"Rice, Ray",RB,BAL,2011,16,291,1364,12,104,76,704,3,,,,,2,
"Rice, Ray",RB,BAL,2012,16,257,1143,9,83,61,478,1,,,,,,
"Rice, Ray",RB,BAL,2013,15,214,660,4,73,58,321,,,,,,,2
"Rice, Sidney",WR,SEA,2011,9,2,3,,57,32,484,2,,,,,,
"Rice, Sidney",WR,SEA,2012,16,2,6,,82,50,748,7,,,,,,
"Rice, Sidney",WR,SEA,2013,8,,,,35,15,231,3,,,,,,1
"Richardson, Daryl",RB,STL,2012,16,98,475,,36,24,163,,,,,,,2
"Richardson, Daryl",RB,STL,2013,7,69,215,,18,14,121,,,,,,,
"Richardson, Trent",RB,CLE,2012,15,267,950,11,70,51,367,1,,,,,,
"Richardson, Trent",RB,CLE,2013,16,188,563,3,52,35,316,1,,,,,,1
"Riddick, Theo",RB,DET,2013,14,9,25,1,8,4,26,,,,,,,
"Ridley, Stevan",RB,NEP,2011,14,87,441,1,5,3,13,,,,,,,
"Ridley, Stevan",RB,NEP,2012,16,290,1263,12,14,6,51,,,,,,,2
"Ridley, Stevan",RB,NE,2013,14,178,773,7,12,10,62,,,,,,,4
"Ringer, Javon",RB,TEN,2011,12,59,185,1,36,28,187,,,,,,1,
"Ringer, Javon",RB,TEN,2012,2,2,14,,5,3,12,,,,,,,
"Rivera, Mychal",TE,OAK,2013,16,,,,60,38,407,4,,,,,,
"Rivers, Philip",QB,SDC,2011,16,26,36,1,,,,,582,366,4624,27,5,20
"Rivers, Philip",QB,SDC,2012,16,27,40,,,,,,527,338,3606,26,15,7
"Rivers, Philip",QB,SD,2013,16,28,72,,,,,,544,378,4478,32,11,2
"Roberts, Andre",WR,ARI,2011,16,3,27,,98,51,586,2,,,,,,
"Roberts, Andre",WR,ARI,2012,15,4,29,,114,64,759,5,,,,,,
"Roberts, Andre",WR,ARI,2013,16,,,,76,43,471,2,,,,,,
"Robinson, Adrien",TE,NYG,2013,1,,,,,,,,,,,,,
"Robinson, Aldrick",WR,WAS,2012,15,1,14,,19,11,237,3,,,,,,
"Robinson, Aldrick",WR,WAS,2013,16,3,-4,,46,18,365,2,,,,,,
"Robinson, Denard",RB,JAC,2013,16,19,66,,1,0,0,,,,,,,2
"Robinson, Khiry",RB,NO,2013,10,54,224,1,,,,,,,,,,
"Robinson, Laurent",WR,DAL,2011,14,,,,80,54,858,11,,,,,,
"Robinson, Laurent",WR,JAC,2012,7,,,,43,24,252,,,,,,,1
"Robinson, Michael",RB,SEA,2011,14,4,7,,14,9,74,1,,,,,1,
"Robinson, Michael",RB,SEA,2012,16,12,49,,15,13,126,2,,,,,,
"Robinson, Michael",RB,SEA,2013,9,1,0,,3,2,27,,,,,,,
"Robiskie, Brian",WR,CLE,2011,6,,,,9,3,25,,,,,,,
"Robiskie, Brian",WR,DET,2012,6,,,,6,4,44,1,,,,,,
"Robiskie, Brian",WR,ATL,2013,1,,,,1,0,0,,,,,,,
"Roby, Courtney",WR,NOS,2012,13,,,,2,1,9,,,,,,,
"Rodgers, Aaron",QB,GBP,2011,15,60,257,3,,,,,502,343,4643,45,,6
"Rodgers, Aaron",QB,GBP,2012,16,54,259,2,,,,,552,371,4295,39,8,4
"Rodgers, Aaron",QB,GB,2013,9,30,120,,,,,,290,193,2536,17,6,
"Rodgers, Jacquizz",RB,ATL,2011,16,57,205,1,27,21,188,1,,,,,1,
"Rodgers, Jacquizz",RB,ATL,2012,16,94,362,1,59,53,402,1,,,,,,
"Rodgers, Jacquizz",RB,ATL,2013,15,96,332,2,62,52,341,2,,,,,,1
"Rodriguez, Evan",RB,CHI,2012,12,,,,8,4,21,,,,,,,
"Rodriguez, Evan",RB,BUF,2013,7,,,,1,0,0,,,,,,,
"Roethlisberger, Ben",QB,PIT,2011,15,31,70,,,,,,513,324,4077,21,5,14
"Roethlisberger, Ben",QB,PIT,2012,13,26,92,,,,,,449,284,3265,26,8,3
"Roethlisberger, Ben",QB,PIT,2013,16,27,99,1,,,,,584,375,4261,28,14,6
"Rogers, Da'Rick",WR,IND,2013,5,1,0,,23,14,192,2,,,,,,
"Romo, Tony",QB,DAL,2011,16,22,46,1,,,,,522,346,4184,31,3,10
"Romo, Tony",QB,DAL,2012,16,30,49,1,,,,,648,425,4903,28,19,3
"Romo, Tony",QB,DAL,2013,15,20,38,,,,,,535,342,3828,31,10,1
"Roosevelt, Naaman",WR,BUF,2011,11,,,,26,16,257,1,,,,,,
"Rosario, Dante",TE,MIA,2011,16,,,,11,7,117,,,,,,,
"Rosario, Dante",TE,SDC,2012,13,,,,18,10,95,3,,,,,,1
"Rosario, Dante",TE,CHI,2013,15,,,,4,1,13,,,,,,,
"Ross, Jeremy",WR,GB,2013,13,2,40,,12,6,67,1,,,,,,1
"Royal, Eddie",WR,DEN,2011,12,7,48,,49,19,155,1,,,,,,
"Royal, Eddie",WR,SDC,2012,10,3,22,,44,23,234,1,,,,,,
"Royal, Eddie",WR,SD,2013,15,3,21,,67,47,631,8,,,,,,1
"Royster, Evan",RB,WAS,2011,6,56,328,,13,9,68,,,,,,,
"Royster, Evan",RB,WAS,2012,16,23,88,2,23,15,109,,,,,,,
"Royster, Evan",RB,WAS,2013,10,2,0,,1,1,3,,,,,,,
"Rucker, Martin",TE,DAL,2011,2,,,,1,0,0,,,,,,,
"Rudolph, Kyle",TE,MIN,2011,15,,,,39,26,249,3,,,,,,
"Rudolph, Kyle",TE,MIN,2012,16,,,,93,53,493,9,,,,,,
"Rudolph, Kyle",TE,MIN,2013,8,,,,46,30,313,3,,,,,,
"Ryan, Matt",QB,ATL,2011,16,37,84,2,,,,,566,347,4177,29,3,12
"Ryan, Matt",QB,ATL,2012,16,33,138,1,,,,,615,422,4719,32,14,2
"Ryan, Matt",QB,ATL,2013,16,17,55,,,,,,651,439,4515,26,17,4
"Saine, Brandon",RB,GBP,2011,8,18,69,,12,10,69,,,,,,,
"Salas, Greg",WR,STL,2011,6,1,8,,38,27,264,,,,,,1,
"Salas, Greg",WR,NYJ,2013,8,,,,13,8,143,,,,,,,
"Sampson, DeMarco",WR,ARI,2011,11,,,,8,3,36,,,,,,,
"Sanchez, Mark",QB,NYJ,2011,16,37,103,6,,,,,543,308,3474,26,8,18
"Sanchez, Mark",QB,NYJ,2012,15,22,28,,,,,,453,246,2883,13,18,8
"Sanders, Ace",WR,JAC,2013,15,3,4,,87,51,484,1,,,,,,
"Sanders, Emmanuel",WR,PIT,2011,11,,,,43,22,288,2,,,,,,
"Sanders, Emmanuel",WR,PIT,2012,16,1,4,,75,44,626,1,,,,,,2
"Sanders, Emmanuel",WR,PIT,2013,16,1,25,,112,67,740,6,,,,,,
"Sanu, Mohamed",WR,CIN,2012,9,5,15,,25,16,154,4,,,,,,
"Sanu, Mohamed",WR,CIN,2013,16,4,16,,77,47,455,2,,,,,,1
"Sanzenbacher, Dane",WR,CHI,2011,16,1,-4,,54,27,276,3,,,,,,
"Sanzenbacher, Dane",WR,CHI,2012,5,,,,3,1,7,,,,,,,
"Sanzenbacher, Dane",WR,CIN,2013,10,,,,8,6,61,,,,,,,
"Saunders, Weslye",TE,PIT,2011,16,,,,8,4,29,1,,,,,,
"Saunders, Weslye",TE,IND,2012,11,,,,4,2,15,,,,,,,
"Saunders, Weslye",TE,IND,2013,6,,,,11,4,46,,,,,,,
"Schaub, Matt",QB,HOU,2011,10,15,9,2,,,,,292,178,2479,15,1,6
"Schaub, Matt",QB,HOU,2012,16,21,-9,,,,,,544,350,4008,22,12,
"Schaub, Matt",QB,HOU,2013,10,5,24,,,,,,358,219,2310,10,14,1
"Scheffler, Tony",TE,DET,2011,15,1,5,,42,26,347,6,,,,,,
"Scheffler, Tony",TE,DET,2012,15,,,,85,42,504,1,,,,,,
"Scheffler, Tony",TE,DET,2013,5,,,,12,7,82,,,,,,,
"Schilens, Chaz",WR,OAK,2011,15,,,,34,23,271,2,,,,,,
"Schilens, Chaz",WR,NYJ,2012,15,,,,41,28,289,2,,,,,,1
"Schmitt, Owen",RB,PHI,2011,16,4,6,,7,3,32,,,,,,,
"Schmitt, Owen",RB,OAK,2012,13,2,1,,,,,,,,,,,
"Scott, Bernard",RB,CIN,2011,16,112,380,3,17,13,38,,,,,,,
"Scott, Bernard",RB,CIN,2012,2,8,35,,,,,,,,,,,
"Scott, Bernard",RB,BAL,2013,2,4,14,,2,2,10,,,,,,,
"Scott, Da'Rel",RB,NYG,2011,11,5,16,,2,2,13,,,,,,1,
"Scott, Da'Rel",RB,NYG,2012,4,6,9,,,,,,,,,,,
"Scott, Da'Rel",RB,NYG,2013,5,20,73,,19,11,102,1,,,,,,
"Sellers, Mike",RB,WAS,2011,12,,,,2,1,15,,,,,,,
"Shepard, Russell",WR,TB,2013,14,,,,,,,,,,,,,
"Sherman, Anthony",RB,ARI,2011,15,1,3,,9,8,72,,,,,,,
"Sherman, Anthony",RB,ARI,2012,13,,,,8,5,39,,,,,,,
"Sherman, Anthony",RB,KC,2013,16,2,3,,24,18,155,1,,,,,,1
"Shiancoe, Visanthe",TE,MIN,2011,16,,,,70,36,409,3,,,,,,
"Shiancoe, Visanthe",TE,NEP,2012,4,,,,1,0,0,,,,,,,
"Shiancoe, Visanthe",TE,TEN,2013,1,,,,2,2,2,,,,,,,
"Shipley, Jordan",WR,CIN,2011,2,,,,5,4,14,,,,,,,
"Shipley, Jordan",WR,TBB,2012,7,,,,39,23,244,1,,,,,,1
"Shockey, Jeremy",TE,CAR,2011,15,,,,62,37,455,4,,,,,1,
"Shorts, Cecil",WR,JAC,2011,10,,,,12,2,30,1,,,,,,
"Shorts, Cecil",WR,JAC,2012,14,1,-4,,105,55,979,7,,,,,,1
"Shorts, Cecil",WR,JAC,2013,13,,,,123,66,777,3,,,,,,
"Simms, Matt",QB,NYJ,2013,3,5,37,,,,,,31,16,156,1,1,1
"Simpson, Jerome",WR,CIN,2011,16,,,,105,50,725,4,,,,,,
"Simpson, Jerome",WR,MIN,2012,12,,,,51,26,274,,,,,,,1
"Simpson, Jerome",WR,MIN,2013,16,,,,100,48,726,1,,,,,,
"Sims, Dion",TE,MIA,2013,15,,,,10,6,32,1,,,,,,
"Sims-Walker, Mike",WR,STL,2011,6,,,,33,12,150,,,,,,,
"Skelton, John",QB,ARI,2011,8,28,128,,,,,,275,151,1913,11,1,14
"Skelton, John",QB,ARI,2012,7,4,5,,,,,,201,109,1132,2,9,2
"Slater, Matt",WR,NE,2013,12,,,,,,,,,,,,,
"Slaton, Steve",RB,HOU,2011,6,24,84,1,4,3,3,,,,,,,
"Smelley, Brad",RB,CLE,2012,2,,,,1,1,3,,,,,,,
"Smelley, Brad",TE,HOU,2013,2,,,,,,,,,,,,,
"Smith, Alex",QB,SFO,2011,16,52,179,2,,,,,445,273,3144,17,2,5
"Smith, Alex",TE,CLE,2011,14,,,,25,14,131,1,,,,,,
"Smith, Alex",QB,SFO,2012,10,31,132,,,,,,218,153,1737,13,5,1
"Smith, Alex",TE,CLE,2012,12,,,,18,13,47,,,,,,,
"Smith, Alex",QB,KC,2013,15,75,431,1,,,,,508,308,3313,23,7,3
"Smith, Alex",TE,CIN,2013,16,,,,6,3,12,1,,,,,,
"Smith, Alfonso",RB,ARI,2012,11,,,,3,2,21,,,,,,,
"Smith, Alfonso",RB,ARI,2013,16,18,54,1,13,10,68,,,,,,,1
"Smith, Alphonso",RB,ARI,2011,15,30,102,1,5,3,21,,,,,,,
"Smith, Andre",WR,DAL,2013,5,,,,,,,,,,,,,
"Smith, Antone",RB,ATL,2012,13,,,,1,0,0,,,,,,,
"Smith, Antone",RB,ATL,2013,15,5,145,2,3,2,10,,,,,,,
"Smith, Armond",RB,CLE,2011,3,3,2,,1,0,0,,,,,,,
"Smith, Armond",RB,CAR,2012,4,3,0,,,,,,,,,,,
"Smith, Armond",RB,CAR,2013,5,4,5,,,,,,,,,,,
"Smith, Brad",WR,BUF,2011,15,20,87,1,42,23,240,1,,,,,,1
"Smith, Brad",WR,BUF,2012,15,14,116,1,22,14,152,2,,,,,1,
"Smith, Brad",WR,BUF,2013,7,2,2,,2,2,27,,,,,,,
"Smith, Geno",QB,NYJ,2013,16,72,366,6,,,,,443,247,3046,12,21,5
"Smith, Hayden",TE,NYJ,2012,5,,,,1,1,16,,,,,,,
"Smith, Kevin",RB,DET,2011,7,72,356,4,28,22,179,3,,,,,1,
"Smith, Kevin",RB,DET,2012,12,37,134,1,16,10,79,1,,,,,,
"Smith, Lee",TE,BUF,2011,10,,,,4,4,11,,,,,,,
"Smith, Lee",TE,BUF,2012,16,,,,4,4,13,2,,,,,,
"Smith, Lee",TE,BUF,2013,16,,,,9,5,78,,,,,,,
"Smith, Rodney",WR,MIN,2013,3,,,,,,,,,,,,,
"Smith, Rusty",QB,TEN,2012,1,,,,,,,,5,3,34,,,
"Smith, Steve",WR,CAR,2011,16,6,56,,129,79,1394,7,,,,,2,
"Smith, Steve",WR,PHI,2011,9,,,,21,11,124,1,,,,,,
"Smith, Steve",WR,CAR,2012,16,3,27,,138,73,1174,4,,,,,,1
"Smith, Steve",WR,STL,2012,9,,,,24,14,131,,,,,,,
"Smith, Steve",WR,CAR,2013,15,,,,110,64,745,4,,,,,,
"Smith, Torrey",WR,BAL,2011,16,4,39,,95,50,841,7,,,,,,
"Smith, Torrey",WR,BAL,2012,16,3,9,,110,49,855,8,,,,,,
"Smith, Torrey",WR,BAL,2013,16,,,,137,65,1128,4,,,,,,
"Snelling, Jason",RB,ATL,2011,15,44,151,,33,26,179,1,,,,,,
"Snelling, Jason",RB,ATL,2012,16,18,63,,35,31,203,1,,,,,,1
"Snelling, Jason",RB,ATL,2013,14,44,164,1,34,29,216,3,,,,,,
"Spach, Stephen",TE,STL,2011,10,,,,3,2,2,,,,,,,
"Spadola, Ryan",WR,NYJ,2013,4,,,,1,0,0,,,,,,,
"Spaeth, Matt",TE,CHI,2011,15,,,,11,7,50,2,,,,,,
"Spaeth, Matt",TE,CHI,2012,16,,,,10,6,28,1,,,,,,
"Spaeth, Matt",TE,PIT,2013,4,,,,2,1,11,1,,,,,,
"Spann, Chad",RB,HOU,2013,1,,,,,,,,,,,,,
"Sperry, Kory",TE,SDC,2011,16,,,,5,1,32,,,,,,,
"Sperry, Kory",TE,ARI,2013,8,,,,1,1,16,,,,,,,
"Spiller, C.J.",RB,BUF,2011,16,107,561,4,53,39,269,2,,,,,,
"Spiller, C.J.",RB,BUF,2012,16,207,1244,6,57,43,459,2,,,,,,3
"Spiller, C.J.",RB,BUF,2013,15,202,933,2,40,33,185,,,,,,,1
"Sproles, Darren",RB,NOS,2011,16,87,603,2,111,86,710,7,,,,,,
"Sproles, Darren",RB,NOS,2012,13,48,244,1,104,75,667,7,,,,,,
"Sproles, Darren",RB,NO,2013,15,53,220,2,89,71,604,2,,,,,,2
"Spurlock, Michael",WR,SDC,2012,14,,,,29,23,200,1,,,,,,
"Spurlock, Micheal",WR,DET,2013,11,,,,,,,,,,,,,
"Stacy, Zac",RB,STL,2013,14,250,973,7,35,26,141,1,,,,,,1
"Stafford, Matthew",QB,DET,2011,16,22,78,,,,,,663,421,5038,41,1,16
"Stafford, Matthew",QB,DET,2012,16,35,126,4,,,,,727,435,4967,20,17,4
"Stafford, Matthew",QB,DET,2013,16,37,69,2,,,,,634,371,4650,29,19,4
"Stallworth, Donte",WR,WAS,2011,11,2,1,,38,22,309,2,,,,,,
"Stallworth, Donte",WR,NEP,2012,1,,,,2,1,63,1,,,,,,
"Stanback, Isaiah",TE,JAC,2012,2,,,,1,1,6,,,,,,,
"Starks, James",RB,GBP,2011,13,133,578,1,37,29,216,,,,,,1,
"Starks, James",RB,GBP,2012,6,71,255,1,6,4,31,,,,,,,
"Starks, James",RB,GB,2013,13,89,493,3,13,10,89,1,,,,,,
"Stephens-Howling, LaRod",RB,ARI,2011,14,43,167,,17,13,234,2,,,,,,
"Stephens-Howling, LaRod",RB,ARI,2012,14,110,356,4,30,17,106,,,,,,,
"Stephens-Howling, LaRod",RB,PIT,2013,1,6,19,,3,2,11,,,,,,,
"Stevens, Craig",TE,TEN,2011,15,,,,14,9,166,1,,,,,,
"Stevens, Craig",TE,TEN,2012,15,,,,33,23,275,1,,,,,,
"Stevens, Craig",TE,TEN,2013,15,,,,6,2,5,,,,,,,
"Stewart, Jeremy",RB,OAK,2012,4,25,101,,8,8,62,,,,,,,
"Stewart, Jeremy",RB,OAK,2013,13,2,2,1,2,2,6,,,,,,,
"Stewart, Jonathan",RB,CAR,2011,16,142,761,4,61,47,413,1,,,,,,
"Stewart, Jonathan",RB,CAR,2012,9,93,336,1,23,17,157,1,,,,,,
"Stewart, Jonathan",RB,CAR,2013,6,48,180,,7,7,44,,,,,,,
"Stills, Kenny",WR,NO,2013,16,3,10,,50,32,641,5,,,,,,
"Stocker, Luke",TE,TBB,2011,14,,,,17,12,92,,,,,,,
"Stocker, Luke",TE,TBB,2012,16,,,,27,16,165,1,,,,,,
"Stocker, Luke",TE,TB,2013,2,,,,,,,,,,,,,
"Stokley, Brandon",WR,NYG,2011,2,,,,3,1,7,,,,,,,
"Stokley, Brandon",WR,DEN,2012,15,,,,58,45,544,5,,,,,,
"Stokley, Brandon",WR,BAL,2013,6,,,,21,13,115,,,,,,,
"Stoneburner, Jake",TE,GB,2013,9,,,,,,,,,,,,,
"Stovall, Maurice",WR,DET,2011,15,,,,4,1,8,,,,,,,
"Streater, Rod",WR,OAK,2012,16,,,,74,39,584,3,,,,,,1
"Streater, Rod",WR,OAK,2013,16,2,17,,99,60,888,4,,,,,,1
"Stroughter, Sammie",WR,TBB,2011,6,,,,7,4,52,,,,,,1,
"Stroughter, Sammie",WR,TBB,2012,2,,,,2,1,14,,,,,,,
"Stuckey, Chansi",WR,ARI,2011,9,,,,8,4,39,,,,,,1,
"Sudfeld, Zach",TE,NE,2013,14,,,,10,5,63,,,,,,,
"Summers, Frank",RB,BUF,2013,15,12,46,1,8,7,79,1,,,,,,
"Supernaw, Phillip",TE,HOU,2013,1,,,,,,,,,,,,,
"Swain, Brett",WR,SFO,2011,5,,,,7,2,15,,,,,,,
"Talley, Julian",WR,NYG,2013,2,,,,2,0,0,,,,,,,
"Tamme, Jacob",TE,IND,2011,16,,,,31,19,177,1,,,,,,
"Tamme, Jacob",TE,DEN,2012,16,,,,85,52,555,2,,,,,,
"Tamme, Jacob",TE,DEN,2013,16,,,,25,20,184,1,,,,,,
"Tannehill, Ryan",QB,MIA,2012,16,49,211,2,,,,,484,282,3294,12,13,4
"Tannehill, Ryan",QB,MIA,2013,16,40,238,1,,,,,588,355,3913,24,17,5
"Tanner, Phillip",RB,DAL,2011,9,22,76,1,2,2,19,,,,,,,
"Tanner, Phillip",RB,DAL,2012,14,25,61,,6,4,41,,,,,,,
"Tanner, Phillip",RB,DAL,2013,16,9,12,1,4,3,33,,,,,,,
"Tate, Ben",RB,HOU,2011,15,175,942,4,19,13,98,,,,,,3,
"Tate, Ben",RB,HOU,2012,11,65,279,2,11,11,49,,,,,,,1
"Tate, Ben",RB,HOU,2013,14,181,771,4,49,34,140,,,,,,,2
"Tate, Brandon",WR,CIN,2012,16,1,0,,25,13,211,1,,,,,,1
"Tate, Brandon",WR,CIN,2013,16,,,,2,1,6,,,,,,,
"Tate, Golden",WR,SEA,2011,16,5,14,,58,35,382,3,,,,,,
"Tate, Golden",WR,SEA,2012,15,3,20,,67,45,688,7,,,,,,1
"Tate, Golden",WR,SEA,2013,16,3,31,,99,64,898,5,,,,,,
"Ta'ufo'ou, Will",RB,JAC,2012,6,,,,1,1,5,,,,,,,
"Ta'ufo'ou, Will",RB,JAC,2013,16,1,1,,15,10,40,,,,,,,
"Taylor, Chester",RB,ARI,2011,12,20,77,1,24,14,91,,,,,,,
"Taylor, Kerry",WR,ARI,2013,10,,,,34,22,229,1,,,,,,
"Taylor, Ryan",TE,GBP,2011,15,,,,1,1,4,1,,,,,,
"Taylor, Ryan",TE,GBP,2012,16,,,,1,1,11,,,,,,,
"Taylor, Ryan",TE,GB,2013,14,,,,9,6,30,,,,,,,
"Taylor, Stepfan",RB,ARI,2013,16,36,115,,9,8,71,,,,,,,
"Taylor, Tyrod",QB,BAL,2011,3,1,2,,,,,,1,1,18,,,
"Taylor, Tyrod",QB,BAL,2012,6,14,73,1,,,,,29,17,179,,1,
"Taylor, Tyrod",QB,BAL,2013,3,8,64,,,,,,5,1,2,,1,
"Tebow, Tim",QB,DEN,2011,14,122,660,6,,,,,271,126,1729,12,6,6
"Tebow, Tim",QB,NYJ,2012,12,32,102,,,,,,8,6,39,,,
"Thigpen, Marcus",RB,MIA,2012,16,1,8,,2,1,15,,,,,,,1
"Thigpen, Marcus",RB,MIA,2013,16,6,18,,11,8,97,1,,,,,,
"Thigpen, Tyler",QB,BUF,2011,3,1,8,,,,,,8,3,25,,,1
"Thigpen, Tyler",QB,BUF,2012,4,1,-1,,,,,,5,3,30,,,
"Thomas, Daniel",RB,MIA,2011,13,165,581,,16,12,72,1,,,,,1,
"Thomas, Daniel",RB,MIA,2012,12,91,325,4,22,15,156,,,,,,,2
"Thomas, Daniel",RB,MIA,2013,15,109,406,4,17,15,63,2,,,,,,
"Thomas, David",TE,NOS,2011,5,,,,9,5,16,,,,,,,
"Thomas, David",TE,NOS,2012,15,,,,17,11,86,4,,,,,,
"Thomas, Demaryius",WR,DEN,2011,11,1,5,,70,32,551,4,,,,,,
"Thomas, Demaryius",WR,DEN,2012,16,,,,141,94,1434,10,,,,,,3
"Thomas, Demaryius",WR,DEN,2013,16,,,,142,92,1430,14,,,,,,
"Thomas, Devin",WR,NYG,2011,16,,,,3,3,37,,,,,,,
"Thomas, Julius",TE,DEN,2011,5,,,,7,1,5,,,,,,,
"Thomas, Julius",TE,DEN,2013,14,,,,90,65,788,12,,,,,,
"Thomas, Lamaar",WR,JAC,2013,2,,,,3,2,31,,,,,,,
"Thomas, Mike",WR,JAC,2011,15,3,11,,91,44,415,1,,,,,,
"Thomas, Mike",WR,JAC,2012,16,7,57,,40,18,108,1,,,,,,
"Thomas, Pierre",RB,NOS,2011,16,110,562,5,59,50,425,1,,,,,1,
"Thomas, Pierre",RB,NOS,2012,15,105,473,1,53,39,354,1,,,,,,
"Thomas, Pierre",RB,NO,2013,16,147,549,2,84,77,513,3,,,,,,1
"Thompkins, Kenbrell",WR,NE,2013,12,,,,69,32,466,4,,,,,,
"Thompson, Chris",RB,WAS,2013,4,,,,,,,,,,,,,
"Thompson, Deonte",WR,BAL,2012,6,,,,6,5,51,,,,,,,1
"Thompson, Deonte",WR,BAL,2013,7,,,,20,10,96,,,,,,,
"Thompson, Taylor",TE,TEN,2012,16,,,,13,6,46,,,,,,,
"Thompson, Taylor",TE,TEN,2013,16,,,,7,3,13,1,,,,,,
"Todman, Jordan",RB,JAC,2012,1,3,8,,1,1,0,,,,,,,
"Todman, Jordan",RB,JAC,2013,16,76,256,2,26,14,116,1,,,,,,
"Toilolo, Levine",TE,ATL,2013,15,,,,15,11,55,2,,,,,,
"Tolbert, Michael",RB,SDC,2011,15,121,490,8,79,54,433,2,,,,,1,
"Tolbert, Michael",RB,CAR,2012,16,54,183,7,37,27,268,,,,,,,
"Tolbert, Mike",RB,CAR,2013,16,101,361,5,33,27,184,2,,,,,,
"Tolzien, Scott",QB,GB,2013,3,5,55,1,,,,,90,55,717,1,5,
"Tomlinson, LaDainian",RB,NYJ,2011,14,75,280,1,62,42,449,2,,,,,,
"Tonga, Manase",RB,OAK,2011,11,1,12,,4,3,18,,,,,,,
"Toon, Nick",WR,NO,2013,8,,,,12,4,68,,,,,,,
"Torain, Ryan",RB,WAS,2011,9,59,200,1,8,6,23,,,,,,,
"Toston, Keith",RB,JAC,2012,6,17,74,,4,3,41,,,,,,,
"Tucker, Matthew",RB,PHI,2013,2,,,,,,,,,,,,,
"Tuel, Jeff",QB,BUF,2013,2,3,17,,,,,,59,26,309,1,3,
"Tukuafu, Will",RB,SF,2013,2,,,,,,,,,,,,,
"Turbin, Robert",RB,SEA,2012,16,80,354,,23,19,181,,,,,,,
"Turbin, Robert",RB,SEA,2013,16,77,264,,12,8,60,,,,,,,1
"Turner, Michael",RB,ATL,2011,16,301,1340,11,26,17,168,,,,,,2,
"Turner, Michael",RB,ATL,2012,16,223,803,10,30,19,128,1,,,,,,1
"Turner, Patrick",WR,NYJ,2011,15,,,,15,8,96,1,,,,,,
"Turner, Patrick",WR,NYJ,2012,2,,,,5,0,0,,,,,,,
"Tyms, Brian",WR,CLE,2013,8,,,,5,2,12,,,,,,,
"Underwood, Tiquan",WR,NEP,2011,5,,,,6,3,30,,,,,,,
"Underwood, Tiquan",WR,TBB,2012,14,1,1,,55,28,425,2,,,,,,
"Underwood, Tiquan",WR,TB,2013,12,,,,46,24,440,4,,,,,,
"Urban, Jerheme",WR,KCC,2011,6,1,7,,13,4,35,1,,,,,,
"Vaughan, Josh",RB,CAR,2011,7,7,24,,,,,,,,,,,
"Vaughan, Josh",RB,ATL,2013,6,1,1,,1,1,-5,,,,,,,
"Veldman, Matt",TE,DET,2013,1,,,,,,,,,,,,,
"Veltung, Justin",WR,STL,2013,3,,,,,,,,,,,,,
"Vereen, Shane",RB,NEP,2011,5,15,57,1,,,,,,,,,,
"Vereen, Shane",RB,NEP,2012,13,62,251,3,13,8,149,1,,,,,,1
"Vereen, Shane",RB,NE,2013,8,44,208,1,69,47,427,3,,,,,,
"Vick, Michael",QB,PHI,2011,13,75,590,1,,,,,423,253,3303,18,4,14
"Vick, Michael",QB,PHI,2012,10,62,332,1,,,,,351,204,2362,12,10,5
"Vick, Michael",QB,PHI,2013,7,36,306,2,,,,,141,77,1215,5,3,2
"Vickers, Lawrence",RB,HOU,2011,14,1,0,,8,4,29,,,,,,,
"Vickers, Lawrence",RB,DAL,2012,16,3,11,,16,13,104,,,,,,,
"Volek, Billy",QB,SDC,2011,2,5,-5,,,,,,,,,,,
"Walker, Delanie",TE,SFO,2011,15,3,5,,36,19,198,3,,,,,,
"Walker, Delanie",TE,SFO,2012,16,,,,39,21,344,3,,,,,,1
"Walker, Delanie",TE,TEN,2013,15,,,,86,60,571,6,,,,,,
"Wallace, Mike",WR,PIT,2011,16,5,57,,114,72,1193,8,,,,,1,
"Wallace, Mike",WR,PIT,2012,15,5,7,,119,64,836,8,,,,,,1
"Wallace, Mike",WR,MIA,2013,16,3,33,,138,73,930,5,,,,,,
"Wallace, Roberto",WR,MIA,2011,2,,,,1,0,0,,,,,,,
"Wallace, Seneca",QB,CLE,2011,6,7,70,,,,,,107,55,567,2,1,2
"Wallace, Seneca",QB,GB,2013,3,,,,,,,,24,16,139,,1,
"Walter, Kevin",WR,HOU,2011,15,,,,59,39,474,3,,,,,,
"Walter, Kevin",WR,HOU,2012,16,,,,68,41,518,2,,,,,,
"Walters, Bryan",WR,SDC,2011,4,,,,4,3,27,,,,,,,
"Walters, Bryan",WR,SEA,2013,4,,,,,,,,,,,,,
"Ward, Derrick",RB,HOU,2011,12,45,154,2,1,0,0,,,,,,,
"Ward, Hines",WR,PIT,2011,15,,,,63,46,381,2,,,,,1,
"Ware, Danny",RB,NYG,2011,16,46,163,,37,27,170,,,,,,,
"Ware, Danny",RB,TBB,2012,16,11,51,,20,14,100,,,,,,,
"Ware, Spencer",RB,SEA,2013,2,3,10,,,,,,,,,,,
"Washington, Chauncey",RB,DAL,2011,2,1,-1,,3,2,13,,,,,,,
"Washington, Leon",RB,SEA,2011,16,53,248,1,14,10,48,,,,,,,
"Washington, Leon",RB,NE,2013,7,1,1,,1,0,0,,,,,,,
"Washington, Nate",WR,TEN,2011,16,2,5,1,121,74,1023,7,,,,,,
"Washington, Nate",WR,TEN,2012,16,,,,90,46,746,4,,,,,,
"Washington, Nate",WR,TEN,2013,16,,,,105,58,919,3,,,,,,
"Watson, Benjamin",TE,CLE,2011,13,,,,71,37,410,2,,,,,,
"Watson, Benjamin",TE,CLE,2012,16,,,,82,49,501,3,,,,,,
"Watson, Benjamin",TE,NO,2013,15,,,,30,19,226,2,,,,,,
"Wayne, Reggie",WR,IND,2011,16,,,,132,75,960,4,,,,,,
"Wayne, Reggie",WR,IND,2012,16,1,-5,,195,106,1355,5,,,,,,1
"Wayne, Reggie",WR,IND,2013,7,1,5,,55,38,503,2,,,,,,
"Webb, Joe",QB,MIN,2011,11,22,154,2,,,,,63,34,376,3,1,2
"Webb, Joe",QB,MIN,2012,1,1,-1,,,,,,,,,,,
"Webb, Joe",WR,MIN,2013,16,,,,11,5,33,,,,,,,
"Weeden, Brandon",QB,CLE,2012,15,27,111,,,,,,517,297,3385,14,17,1
"Weeden, Brandon",QB,CLE,2013,8,12,44,,,,,,267,141,1731,9,9,2
"Weems, Eric",WR,ATL,2011,16,,,,14,11,90,,,,,,,
"Weems, Eric",WR,CHI,2012,16,,,,4,2,27,,,,,,,
"Weems, Eric",WR,CHI,2013,16,,,,2,1,8,,,,,,,
"Welker, Wes",WR,NEP,2011,16,4,30,,173,122,1569,9,,,,,,
"Welker, Wes",WR,NEP,2012,16,2,20,,175,118,1354,6,,,,,,1
"Welker, Wes",WR,DEN,2013,13,,,,111,73,778,10,,,,,,1
"Wells, Beanie",RB,ARI,2011,15,245,1047,10,14,10,52,,,,,,2,
"Wells, Beanie",RB,ARI,2012,8,88,234,5,1,1,24,,,,,,,1
"West, Chastin",WR,JAC,2011,12,,,,27,13,163,2,,,,,,
"Whalen, Griff",WR,IND,2013,9,,,,40,24,259,2,,,,,,
"Whalen, Ryan",WR,CIN,2011,4,,,,5,4,27,,,,,,,
"Whalen, Ryan",WR,CIN,2012,9,,,,12,7,53,,,,,,,
"Whalen, Ryan",WR,CIN,2013,4,,,,,,,,,,,,,
"Wheaton, Markus",WR,PIT,2013,12,,,,13,6,64,,,,,,,
"White, Johnny",RB,BUF,2011,11,12,38,,4,1,-3,,,,,,,
"White, Johnny",RB,BUF,2012,7,8,34,,,,,,,,,,,
"White, Jordan",WR,NYJ,2012,2,,,,3,1,13,,,,,,,
"White, Myles",WR,GB,2013,7,,,,12,9,66,,,,,,,
"White, Roddy",WR,ATL,2011,16,,,,179,100,1296,8,,,,,,
"White, Roddy",WR,ATL,2012,16,,,,143,92,1351,7,,,,,,
"White, Roddy",WR,ATL,2013,14,,,,97,63,711,3,,,,,,1
"Whitehurst, Charlie",QB,SEA,2011,3,4,13,,,,,,56,27,298,1,1,1
"Whitehurst, Charlie",QB,SD,2013,2,6,-5,,,,,,,,,,,
"Whittaker, Foswhitt",RB,SD,2013,14,29,80,,36,21,155,2,,,,,,
"Williams, Brandon",TE,CAR,2013,8,,,,,,,,,,,,,
"Williams, Cadillac",RB,STL,2011,12,87,361,1,23,14,93,,,,,,1,
"Williams, D.J.",TE,GBP,2011,13,,,,4,2,13,,,,,,,
"Williams, D.J.",TE,GBP,2012,13,,,,15,7,57,,,,,,,
"Williams, D.J.",TE,JAC,2013,9,,,,3,0,0,,,,,,,
"Williams, Damian",WR,TEN,2011,15,,,,94,45,592,5,,,,,,
"Williams, Damian",WR,TEN,2012,13,,,,45,30,324,,,,,,,
"Williams, Damian",WR,TEN,2013,10,,,,23,15,178,,,,,,,1
"Williams, DeAngelo",RB,CAR,2011,16,155,836,7,25,16,135,,,,,,,
"Williams, DeAngelo",RB,CAR,2012,16,173,737,5,20,13,187,2,,,,,,2
"Williams, DeAngelo",RB,CAR,2013,15,201,843,3,36,26,333,1,,,,,,2
"Williams, Eddie",RB,SEA,2011,6,2,2,,1,1,17,,,,,,,
"Williams, Keiland",RB,DET,2011,15,58,195,2,8,8,62,,,,,,1,
"Williams, Keiland",RB,DET,2012,12,2,3,,2,2,9,,,,,,,
"Williams, Kerwynn",RB,IND,2013,1,,,,,,,,,,,,,
"Williams, Kyle",WR,SFO,2011,13,2,32,,31,20,241,3,,,,,,
"Williams, Kyle",WR,SFO,2012,11,4,21,,22,14,212,1,,,,,,
"Williams, Kyle",WR,SF,2013,10,2,23,,27,12,113,,,,,,,
"Williams, LaQuan",WR,BAL,2011,12,,,,12,4,46,,,,,,,
"Williams, Mike",WR,TBB,2011,16,1,3,,124,65,771,3,,,,,2,
"Williams, Mike",WR,SEA,2011,12,,,,38,18,236,1,,,,,,
"Williams, Mike",WR,TBB,2012,16,,,,126,63,996,9,,,,,,
"Williams, Mike",WR,TB,2013,6,,,,40,22,216,2,,,,,,
"Williams, Nick",WR,WAS,2013,5,,,,11,3,15,,,,,,,
"Williams, Ricky",RB,BAL,2011,16,108,444,2,20,13,83,,,,,,2,
"Williams, Roy",WR,CHI,2011,15,,,,63,37,507,2,,,,,,
"Williams, Ryan",RB,ARI,2012,5,58,164,,10,7,44,,,,,,,2
"Williams, Stephen",WR,SEA,2013,6,,,,4,0,0,,,,,,,
"Williams, Teddy",WR,ARI,2013,3,,,,1,1,51,,,,,,,
"Williams, Terrance",WR,DAL,2013,16,3,4,,74,44,736,5,,,,,,2
"Willis, Matthew",WR,DEN,2011,16,,,,36,18,267,1,,,,,,
"Willis, Matthew",WR,DEN,2012,15,,,,22,10,90,,,,,,,
"Willson, Luke",TE,SEA,2013,16,,,,28,20,272,1,,,,,,
"Wilson, David",RB,NYG,2012,16,71,358,4,9,4,34,1,,,,,,1
"Wilson, David",RB,NYG,2013,5,44,146,1,6,2,8,,,,,,,2
"Wilson, Marquess",WR,CHI,2013,10,,,,3,2,13,,,,,,,
"Wilson, Russell",QB,SEA,2012,16,94,489,4,,,,,393,252,3118,26,10,3
"Wilson, Russell",QB,SEA,2013,16,96,539,1,,,,,407,257,3357,26,9,5
"Wingo, Ronnie",RB,BUF,2013,2,1,4,,1,1,2,,,,,,,
"Winslow, Kellen",TE,TBB,2011,16,,,,121,75,763,2,,,,,1,
"Winslow, Kellen",TE,NEP,2012,1,,,,2,1,12,,,,,,,
"Winslow, Kellen",TE,NYJ,2013,12,,,,47,31,388,2,,,,,,
"Witten, Jason",TE,DAL,2011,16,,,,117,79,942,5,,,,,,
"Witten, Jason",TE,DAL,2012,16,,,,147,110,1039,3,,,,,,
"Witten, Jason",TE,DAL,2013,16,,,,111,73,851,8,,,,,,
"Wood, Cierre",RB,HOU,2013,3,3,9,,,,,,,,,,,
"Woodhead, Danny",RB,NEP,2011,15,77,351,1,31,18,157,,,,,,,
"Woodhead, Danny",RB,NEP,2012,16,76,301,4,55,40,446,3,,,,,,
"Woodhead, Danny",RB,SD,2013,16,106,429,2,87,76,605,6,,,,,,2
"Woods, Robert",WR,BUF,2013,14,2,16,,85,40,587,3,,,,,,
"Wright, Jarius",WR,MIN,2012,7,2,11,,36,22,310,2,,,,,,
"Wright, Jarius",WR,MIN,2013,16,,,,43,26,434,3,,,,,,
"Wright, Kendall",WR,TEN,2012,15,1,4,,104,64,626,4,,,,,,1
"Wright, Kendall",WR,TEN,2013,16,,,,139,94,1079,2,,,,,,
"Wright, Timothy",TE,TB,2013,16,1,2,,76,54,571,5,,,,,,
"Wylie, Devon",WR,KCC,2012,6,,,,12,6,53,,,,,,,
"Yates, T.J.",QB,HOU,2011,6,14,57,,,,,,134,82,949,3,3,3
"Yates, T.J.",QB,HOU,2012,4,2,-1,1,,,,,10,4,38,,1,1
"Yates, T.J.",QB,HOU,2013,3,1,0,,,,,,22,15,113,,2,
"Yeatman, Will",TE,MIA,2011,3,,,,1,0,0,,,,,,,
"Young, Darrel",RB,WAS,2011,13,6,33,1,20,15,146,,,,,,,
"Young, Darrel",RB,WAS,2012,16,14,60,,9,8,109,2,,,,,,
"Young, Darrel",RB,WAS,2013,13,12,41,3,9,4,71,1,,,,,,
"Young, Titus",WR,DET,2011,16,2,15,,85,48,607,6,,,,,,
"Young, Titus",WR,DET,2012,10,2,16,,56,33,383,4,,,,,,
"Young, Vince",QB,PHI,2011,6,18,79,,,,,,114,66,866,4,,9
